nome_oficina,latitude,longitude,regiao,servicos_realizados,zona,bairro,segmento
Medeiros Oficina_1_Meoo_GF,-23.529075322834146,-46.66656521447358,Variada,"['Troca de Óleo', 'Freios', 'Suspensão', 'Pintura', 'Elétrica', 'Motor', 'Transmissão', 'Funilaria', 'Ar Condicionado', 'Troca de Pneu', 'Alinhamento', 'Balanceamento']",Zona Central,Bela Vista,"Meoo, GF"
Bosch Car Service_2_Meoo_GF,-23.5453956045192,-46.66476444292301,Variada,"['Troca de Óleo', 'Freios', 'Suspensão', 'Pintura', 'Elétrica', 'Motor', 'Transmissão', 'Funilaria', 'Ar Condicionado', 'Troca de Pneu', 'Alinhamento', 'Balanceamento']",Zona Central,Brás,"Meoo, GF"
Bosch Car Service_3_Meoo_GF,-23.541164220287822,-46.645432327705244,Variada,"['Troca de Óleo', 'Freios', 'Suspensão', 'Pintura', 'Elétrica', 'Motor', 'Transmissão', 'Funilaria', 'Ar Condicionado', 'Troca de Pneu', 'Alinhamento', 'Balanceamento']",Zona Central,Bom Retiro,"Meoo, GF"
Oficina Mecânica Driver_4_Meoo_GF,-23.58289725392301,-46.59280154930612,Variada,"['Troca de Óleo', 'Freios', 'Suspensão', 'Pintura', 'Elétrica', 'Motor', 'Transmissão', 'Funilaria', 'Ar Condicionado', 'Troca de Pneu', 'Alinhamento', 'Balanceamento']",Zona Central,Consolação,"Meoo, GF"
Riveros Mecânica_5_Meoo_GF,-23.567945239296403,-46.61384299718201,Variada,"['Troca de Óleo', 'Freios', 'Suspensão', 'Pintura', 'Elétrica', 'Motor', 'Transmissão', 'Funilaria', 'Ar Condicionado', 'Troca de Pneu', 'Alinhamento', 'Balanceamento']",Zona Central,Consolação,"Meoo, GF"
Oficina Mecânica Driver_6_Meoo_GF,-23.585462571041134,-46.664119798856994,Variada,"['Troca de Óleo', 'Freios', 'Suspensão', 'Pintura', 'Elétrica', 'Motor', 'Transmissão', 'Funilaria', 'Ar Condicionado', 'Troca de Pneu', 'Alinhamento', 'Balanceamento']",Zona Central,Pari,"Meoo, GF"
Auto Mecânica_7_Meoo_GF,-23.505485750572323,-46.5983900066887,Variada,"['Troca de Óleo', 'Freios', 'Suspensão', 'Pintura', 'Elétrica', 'Motor', 'Transmissão', 'Funilaria', 'Ar Condicionado', 'Troca de Pneu', 'Alinhamento', 'Balanceamento']",Zona Norte,Santana,"Meoo, GF"
Centro Automotivo_8_Meoo_GF,-23.576787463098427,-46.61087327098501,Variada,"['Troca de Óleo', 'Freios', 'Suspensão', 'Pintura', 'Elétrica', 'Motor', 'Transmissão', 'Funilaria', 'Ar Condicionado', 'Troca de Pneu', 'Alinhamento', 'Balanceamento']",Zona Central,Brás,"Meoo, GF"
Norauto_9_Meoo_GF,-23.541583836039486,-46.673566282821625,Variada,"['Troca de Óleo', 'Freios', 'Suspensão', 'Pintura', 'Elétrica', 'Motor', 'Transmissão', 'Funilaria', 'Ar Condicionado', 'Troca de Pneu', 'Alinhamento', 'Balanceamento']",Zona Central,Bela Vista,"Meoo, GF"
Centro Automotivo_10_Meoo_GF,-23.519863252020787,-46.637038392373796,Variada,"['Troca de Óleo', 'Freios', 'Suspensão', 'Pintura', 'Elétrica', 'Motor', 'Transmissão', 'Funilaria', 'Ar Condicionado', 'Troca de Pneu', 'Alinhamento', 'Balanceamento']",Zona Central,Santa Cecília,"Meoo, GF"
PneuStore_11_Meoo_GF,-23.56641350280261,-46.65769388214958,Variada,"['Troca de Pneu', 'Alinhamento', 'Balanceamento']",Zona Central,Bela Vista,"Meoo, GF"
Oficina Mecânica Driver_12_Meoo_GF,-23.579963038070773,-46.673071726149985,Variada,"['Troca de Óleo', 'Freios', 'Suspensão', 'Pintura', 'Elétrica', 'Motor', 'Transmissão', 'Funilaria', 'Ar Condicionado', 'Troca de Pneu', 'Alinhamento', 'Balanceamento']",Zona Central,Bela Vista,"Meoo, GF"
Norauto_13_Meoo_GF,-23.505062539169284,-46.586042842160936,Variada,"['Troca de Óleo', 'Freios', 'Suspensão', 'Pintura', 'Elétrica', 'Motor', 'Transmissão', 'Funilaria', 'Ar Condicionado', 'Troca de Pneu', 'Alinhamento', 'Balanceamento']",Zona Norte,Mandaqui,"Meoo, GF"
Serviços Automotivos_14_Meoo_GF,-23.53456771428346,-46.596128383333195,Variada,"['Troca de Óleo', 'Freios', 'Suspensão', 'Pintura', 'Elétrica', 'Motor', 'Transmissão', 'Funilaria', 'Ar Condicionado', 'Troca de Pneu', 'Alinhamento', 'Balanceamento']",Zona Central,Santa Cecília,"Meoo, GF"
PneuStore_15_Meoo_GF,-23.540863661311317,-46.60675590858775,Variada,"['Troca de Pneu', 'Alinhamento', 'Balanceamento']",Zona Central,Bom Retiro,"Meoo, GF"
DPaschoal_16_Meoo_GF,-23.542438192033725,-46.65015596070218,Variada,"['Troca de Óleo', 'Freios', 'Suspensão', 'Pintura', 'Elétrica', 'Motor', 'Transmissão', 'Funilaria', 'Ar Condicionado', 'Troca de Pneu', 'Alinhamento', 'Balanceamento']",Zona Central,Santa Cecília,"Meoo, GF"
Serviços Automotivos_17_Meoo_GF,-23.53626407607353,-46.62352830781032,Variada,"['Troca de Óleo', 'Freios', 'Suspensão', 'Pintura', 'Elétrica', 'Motor', 'Transmissão', 'Funilaria', 'Ar Condicionado', 'Troca de Pneu', 'Alinhamento', 'Balanceamento']",Zona Central,Barra Funda,"Meoo, GF"
Centro Automotivo_18_Meoo_GF,-23.5807830793082,-46.60574021068147,Variada,"['Troca de Óleo', 'Freios', 'Suspensão', 'Pintura', 'Elétrica', 'Motor', 'Transmissão', 'Funilaria', 'Ar Condicionado', 'Troca de Pneu', 'Alinhamento', 'Balanceamento']",Zona Central,Santa Cecília,"Meoo, GF"
DPaschoal_19_Meoo_GF,-23.503863808068044,-46.65517685672169,Variada,"['Troca de Óleo', 'Freios', 'Suspensão', 'Pintura', 'Elétrica', 'Motor', 'Transmissão', 'Funilaria', 'Ar Condicionado', 'Troca de Pneu', 'Alinhamento', 'Balanceamento']",Zona Norte,Vila Guilherme,"Meoo, GF"
PneuStore_20_Meoo_GF,-23.570759606523573,-46.6612500404915,Variada,"['Troca de Pneu', 'Alinhamento', 'Balanceamento']",Zona Central,Bela Vista,"Meoo, GF"
Auto Mecânica_21_Meoo_GF,-23.518569568355094,-46.61804392345951,Variada,"['Troca de Óleo', 'Freios', 'Suspensão', 'Pintura', 'Elétrica', 'Motor', 'Transmissão', 'Funilaria', 'Ar Condicionado', 'Troca de Pneu', 'Alinhamento', 'Balanceamento']",Zona Central,Bela Vista,"Meoo, GF"
Medeiros Oficina_22_Meoo_GF,-23.593803508863115,-46.66721283597829,Variada,"['Troca de Óleo', 'Freios', 'Suspensão', 'Pintura', 'Elétrica', 'Motor', 'Transmissão', 'Funilaria', 'Ar Condicionado', 'Troca de Pneu', 'Alinhamento', 'Balanceamento']",Zona Central,Sé,"Meoo, GF"
Bosch Car Service_23_Meoo_GF,-23.547769438511903,-46.66737755487377,Variada,"['Troca de Óleo', 'Freios', 'Suspensão', 'Pintura', 'Elétrica', 'Motor', 'Transmissão', 'Funilaria', 'Ar Condicionado', 'Troca de Pneu', 'Alinhamento', 'Balanceamento']",Zona Central,Liberdade,"Meoo, GF"
Riveros Mecânica_24_Meoo_GF,-23.567871133586387,-46.67248296104007,Variada,"['Troca de Óleo', 'Freios', 'Suspensão', 'Pintura', 'Elétrica', 'Motor', 'Transmissão', 'Funilaria', 'Ar Condicionado', 'Troca de Pneu', 'Alinhamento', 'Balanceamento']",Zona Central,Sé,"Meoo, GF"
Bosch Car Service_25_Meoo_GF,-23.5639504126033,-46.63653634885694,Variada,"['Troca de Óleo', 'Freios', 'Suspensão', 'Pintura', 'Elétrica', 'Motor', 'Transmissão', 'Funilaria', 'Ar Condicionado', 'Troca de Pneu', 'Alinhamento', 'Balanceamento']",Zona Central,Barra Funda,"Meoo, GF"
Auto Mecânica_26_Meoo_GF,-23.52653123348362,-46.62583509276816,Variada,"['Troca de Óleo', 'Freios', 'Suspensão', 'Pintura', 'Elétrica', 'Motor', 'Transmissão', 'Funilaria', 'Ar Condicionado', 'Troca de Pneu', 'Alinhamento', 'Balanceamento']",Zona Central,Consolação,"Meoo, GF"
Norauto_27_Meoo_GF,-23.54007691851842,-46.6649040093351,Variada,"['Troca de Óleo', 'Freios', 'Suspensão', 'Pintura', 'Elétrica', 'Motor', 'Transmissão', 'Funilaria', 'Ar Condicionado', 'Troca de Pneu', 'Alinhamento', 'Balanceamento']",Zona Central,Santa Cecília,"Meoo, GF"
Norauto_28_Meoo_GF,-23.591244539416053,-46.645163909783214,Variada,"['Troca de Óleo', 'Freios', 'Suspensão', 'Pintura', 'Elétrica', 'Motor', 'Transmissão', 'Funilaria', 'Ar Condicionado', 'Troca de Pneu', 'Alinhamento', 'Balanceamento']",Zona Central,Sé,"Meoo, GF"
Bosch Car Service_29_Meoo_GF,-23.513889954424453,-46.612742660656856,Variada,"['Troca de Óleo', 'Freios', 'Suspensão', 'Pintura', 'Elétrica', 'Motor', 'Transmissão', 'Funilaria', 'Ar Condicionado', 'Troca de Pneu', 'Alinhamento', 'Balanceamento']",Zona Norte,Casa Verde,"Meoo, GF"
Centro Automotivo_30_Meoo_GF,-23.528677803486584,-46.62643981041131,Variada,"['Troca de Óleo', 'Freios', 'Suspensão', 'Pintura', 'Elétrica', 'Motor', 'Transmissão', 'Funilaria', 'Ar Condicionado', 'Troca de Pneu', 'Alinhamento', 'Balanceamento']",Zona Central,Brás,"Meoo, GF"
Centro Automotivo_31_Meoo_GF,-23.50082293169529,-46.58517569902605,Variada,"['Troca de Óleo', 'Freios', 'Suspensão', 'Pintura', 'Elétrica', 'Motor', 'Transmissão', 'Funilaria', 'Ar Condicionado', 'Troca de Pneu', 'Alinhamento', 'Balanceamento']",Zona Norte,Mandaqui,"Meoo, GF"
Riveros Mecânica_32_Meoo_GF,-23.51347462170596,-46.66697062370845,Variada,"['Troca de Óleo', 'Freios', 'Suspensão', 'Pintura', 'Elétrica', 'Motor', 'Transmissão', 'Funilaria', 'Ar Condicionado', 'Troca de Pneu', 'Alinhamento', 'Balanceamento']",Zona Central,Bom Retiro,"Meoo, GF"
Centro Automotivo_33_Meoo_GF,-23.51733944554639,-46.59793685123271,Variada,"['Troca de Óleo', 'Freios', 'Suspensão', 'Pintura', 'Elétrica', 'Motor', 'Transmissão', 'Funilaria', 'Ar Condicionado', 'Troca de Pneu', 'Alinhamento', 'Balanceamento']",Zona Norte,Vila Guilherme,"Meoo, GF"
Oficina Mecânica Driver_34_Meoo_GF,-23.525164557512216,-46.63311076252101,Variada,"['Troca de Óleo', 'Freios', 'Suspensão', 'Pintura', 'Elétrica', 'Motor', 'Transmissão', 'Funilaria', 'Ar Condicionado', 'Troca de Pneu', 'Alinhamento', 'Balanceamento']",Zona Central,República,"Meoo, GF"
DPaschoal_35_Meoo_GF,-23.527133794220795,-46.58362745584339,Variada,"['Troca de Óleo', 'Freios', 'Suspensão', 'Pintura', 'Elétrica', 'Motor', 'Transmissão', 'Funilaria', 'Ar Condicionado', 'Troca de Pneu', 'Alinhamento', 'Balanceamento']",Zona Central,Santa Cecília,"Meoo, GF"
Serviços Automotivos_36_Meoo_GF,-23.52369697336307,-46.62373936080885,Variada,"['Troca de Óleo', 'Freios', 'Suspensão', 'Pintura', 'Elétrica', 'Motor', 'Transmissão', 'Funilaria', 'Ar Condicionado', 'Troca de Pneu', 'Alinhamento', 'Balanceamento']",Zona Central,Pari,"Meoo, GF"
Auto Mecânica_37_Meoo_GF,-23.530546868412596,-46.5871230781165,Variada,"['Troca de Óleo', 'Freios', 'Suspensão', 'Pintura', 'Elétrica', 'Motor', 'Transmissão', 'Funilaria', 'Ar Condicionado', 'Troca de Pneu', 'Alinhamento', 'Balanceamento']",Zona Central,Bom Retiro,"Meoo, GF"
PneuStore_38_Meoo_GF,-23.550007413094153,-46.66747718407044,Variada,"['Troca de Pneu', 'Alinhamento', 'Balanceamento']",Zona Central,República,"Meoo, GF"
Oficina Mecânica Driver_39_Meoo_GF,-23.564801363712405,-46.64544717757892,Variada,"['Troca de Óleo', 'Freios', 'Suspensão', 'Pintura', 'Elétrica', 'Motor', 'Transmissão', 'Funilaria', 'Ar Condicionado', 'Troca de Pneu', 'Alinhamento', 'Balanceamento']",Zona Central,Barra Funda,"Meoo, GF"
Oficina Mecânica Driver_40_Meoo_GF,-23.53067281052565,-46.60675544561262,Variada,"['Troca de Óleo', 'Freios', 'Suspensão', 'Pintura', 'Elétrica', 'Motor', 'Transmissão', 'Funilaria', 'Ar Condicionado', 'Troca de Pneu', 'Alinhamento', 'Balanceamento']",Zona Central,Liberdade,"Meoo, GF"
Medeiros Oficina_41_Meoo_GF,-23.53971980644146,-46.606336684408376,Variada,"['Troca de Óleo', 'Freios', 'Suspensão', 'Pintura', 'Elétrica', 'Motor', 'Transmissão', 'Funilaria', 'Ar Condicionado', 'Troca de Pneu', 'Alinhamento', 'Balanceamento']",Zona Central,Santa Cecília,"Meoo, GF"
Auto Mecânica_42_Meoo_GF,-23.513649909147095,-46.646624532987204,Variada,"['Troca de Óleo', 'Freios', 'Suspensão', 'Pintura', 'Elétrica', 'Motor', 'Transmissão', 'Funilaria', 'Ar Condicionado', 'Troca de Pneu', 'Alinhamento', 'Balanceamento']",Zona Norte,Tremembé,"Meoo, GF"
Bosch Car Service_43_Meoo_GF,-23.543359759947897,-46.58962333762072,Variada,"['Troca de Óleo', 'Freios', 'Suspensão', 'Pintura', 'Elétrica', 'Motor', 'Transmissão', 'Funilaria', 'Ar Condicionado', 'Troca de Pneu', 'Alinhamento', 'Balanceamento']",Zona Central,Santa Cecília,"Meoo, GF"
Serviços Automotivos_44_Meoo_GF,-23.577027875163687,-46.61239261328393,Variada,"['Troca de Óleo', 'Freios', 'Suspensão', 'Pintura', 'Elétrica', 'Motor', 'Transmissão', 'Funilaria', 'Ar Condicionado', 'Troca de Pneu', 'Alinhamento', 'Balanceamento']",Zona Central,Santa Cecília,"Meoo, GF"
Serviços Automotivos_45_Meoo_GF,-23.58831494028766,-46.651579836111196,Variada,"['Troca de Óleo', 'Freios', 'Suspensão', 'Pintura', 'Elétrica', 'Motor', 'Transmissão', 'Funilaria', 'Ar Condicionado', 'Troca de Pneu', 'Alinhamento', 'Balanceamento']",Zona Central,Bela Vista,"Meoo, GF"
Auto Mecânica_46_Meoo_GF,-23.598212085469076,-46.61638322236752,Variada,"['Troca de Óleo', 'Freios', 'Suspensão', 'Pintura', 'Elétrica', 'Motor', 'Transmissão', 'Funilaria', 'Ar Condicionado', 'Troca de Pneu', 'Alinhamento', 'Balanceamento']",Zona Central,Consolação,"Meoo, GF"
Medeiros Oficina_47_Meoo_GF,-23.575959168638686,-46.666565429509504,Variada,"['Troca de Óleo', 'Freios', 'Suspensão', 'Pintura', 'Elétrica', 'Motor', 'Transmissão', 'Funilaria', 'Ar Condicionado', 'Troca de Pneu', 'Alinhamento', 'Balanceamento']",Zona Central,Bela Vista,"Meoo, GF"
Centro Automotivo_48_Meoo_GF,-23.568349637791023,-46.64731655880497,Variada,"['Troca de Óleo', 'Freios', 'Suspensão', 'Pintura', 'Elétrica', 'Motor', 'Transmissão', 'Funilaria', 'Ar Condicionado', 'Troca de Pneu', 'Alinhamento', 'Balanceamento']",Zona Central,Consolação,"Meoo, GF"
Norauto_49_Meoo_GF,-23.566723091923397,-46.62171058463341,Variada,"['Troca de Óleo', 'Freios', 'Suspensão', 'Pintura', 'Elétrica', 'Motor', 'Transmissão', 'Funilaria', 'Ar Condicionado', 'Troca de Pneu', 'Alinhamento', 'Balanceamento']",Zona Central,Consolação,"Meoo, GF"
PneuStore_50_Meoo_GF,-23.530886301107373,-46.636719124655166,Variada,"['Troca de Pneu', 'Alinhamento', 'Balanceamento']",Zona Central,Santa Cecília,"Meoo, GF"
Centro Automotivo_51_Meoo_GF,-23.58408342287807,-46.66056779243824,Variada,"['Troca de Óleo', 'Freios', 'Suspensão', 'Pintura', 'Elétrica', 'Motor', 'Transmissão', 'Funilaria', 'Ar Condicionado', 'Troca de Pneu', 'Alinhamento', 'Balanceamento']",Zona Central,Santa Cecília,"Meoo, GF"
Oficina Mecânica Driver_52_Meoo_GF,-23.56267938652163,-46.65014017691438,Variada,"['Troca de Óleo', 'Freios', 'Suspensão', 'Pintura', 'Elétrica', 'Motor', 'Transmissão', 'Funilaria', 'Ar Condicionado', 'Troca de Pneu', 'Alinhamento', 'Balanceamento']",Zona Central,Liberdade,"Meoo, GF"
Bosch Car Service_53_Meoo_GF,-23.55457283644533,-46.59484752857443,Variada,"['Troca de Óleo', 'Freios', 'Suspensão', 'Pintura', 'Elétrica', 'Motor', 'Transmissão', 'Funilaria', 'Ar Condicionado', 'Troca de Pneu', 'Alinhamento', 'Balanceamento']",Zona Central,Sé,"Meoo, GF"
PneuStore_54_Meoo_GF,-23.55558648439557,-46.59781136885673,Variada,"['Troca de Pneu', 'Alinhamento', 'Balanceamento']",Zona Central,Liberdade,"Meoo, GF"
Riveros Mecânica_55_Meoo_GF,-23.539688980367064,-46.60575696999518,Variada,"['Troca de Óleo', 'Freios', 'Suspensão', 'Pintura', 'Elétrica', 'Motor', 'Transmissão', 'Funilaria', 'Ar Condicionado', 'Troca de Pneu', 'Alinhamento', 'Balanceamento']",Zona Central,Sé,"Meoo, GF"
Serviços Automotivos_56_Meoo_GF,-23.522509170607734,-46.61048300226438,Variada,"['Troca de Óleo', 'Freios', 'Suspensão', 'Pintura', 'Elétrica', 'Motor', 'Transmissão', 'Funilaria', 'Ar Condicionado', 'Troca de Pneu', 'Alinhamento', 'Balanceamento']",Zona Central,Brás,"Meoo, GF"
Medeiros Oficina_57_Meoo_GF,-23.528021055967525,-46.618015670423304,Variada,"['Troca de Óleo', 'Freios', 'Suspensão', 'Pintura', 'Elétrica', 'Motor', 'Transmissão', 'Funilaria', 'Ar Condicionado', 'Troca de Pneu', 'Alinhamento', 'Balanceamento']",Zona Central,Pari,"Meoo, GF"
Oficina Mecânica Driver_58_Meoo_GF,-23.5793727957892,-46.66820470337599,Variada,"['Troca de Óleo', 'Freios', 'Suspensão', 'Pintura', 'Elétrica', 'Motor', 'Transmissão', 'Funilaria', 'Ar Condicionado', 'Troca de Pneu', 'Alinhamento', 'Balanceamento']",Zona Central,Bom Retiro,"Meoo, GF"
Riveros Mecânica_59_Meoo_GF,-23.594117090008695,-46.676742501016,Variada,"['Troca de Óleo', 'Freios', 'Suspensão', 'Pintura', 'Elétrica', 'Motor', 'Transmissão', 'Funilaria', 'Ar Condicionado', 'Troca de Pneu', 'Alinhamento', 'Balanceamento']",Zona Central,Barra Funda,"Meoo, GF"
Riveros Mecânica_60_Meoo_GF,-23.57426849847545,-46.64491521674277,Variada,"['Troca de Óleo', 'Freios', 'Suspensão', 'Pintura', 'Elétrica', 'Motor', 'Transmissão', 'Funilaria', 'Ar Condicionado', 'Troca de Pneu', 'Alinhamento', 'Balanceamento']",Zona Central,Sé,"Meoo, GF"
Centro Automotivo_61_Meoo_GF,-23.575636429180108,-46.68290375834931,Variada,"['Troca de Óleo', 'Freios', 'Suspensão', 'Pintura', 'Elétrica', 'Motor', 'Transmissão', 'Funilaria', 'Ar Condicionado', 'Troca de Pneu', 'Alinhamento', 'Balanceamento']",Zona Oeste,Cachoeirinha,"Meoo, GF"
Medeiros Oficina_62_Meoo_GF,-23.593878657506338,-46.73378039724171,Variada,"['Troca de Óleo', 'Freios', 'Suspensão', 'Pintura', 'Elétrica', 'Motor', 'Transmissão', 'Funilaria', 'Ar Condicionado', 'Troca de Pneu', 'Alinhamento', 'Balanceamento']",Zona Oeste,Cachoeirinha,"Meoo, GF"
Serviços Automotivos_63_Meoo_GF,-23.60389462342361,-46.74219342294753,Variada,"['Troca de Óleo', 'Freios', 'Suspensão', 'Pintura', 'Elétrica', 'Motor', 'Transmissão', 'Funilaria', 'Ar Condicionado', 'Troca de Pneu', 'Alinhamento', 'Balanceamento']",Zona Oeste,Brasilândia,"Meoo, GF"
PneuStore_64_Meoo_GF,-23.536309201845317,-46.750780499280175,Variada,"['Troca de Pneu', 'Alinhamento', 'Balanceamento']",Zona Oeste,Limão,"Meoo, GF"
Serviços Automotivos_65_Meoo_GF,-23.521762599977816,-46.700031227201066,Variada,"['Troca de Óleo', 'Freios', 'Suspensão', 'Pintura', 'Elétrica', 'Motor', 'Transmissão', 'Funilaria', 'Ar Condicionado', 'Troca de Pneu', 'Alinhamento', 'Balanceamento']",Zona Oeste,Butantã,"Meoo, GF"
Centro Automotivo_66_Meoo_GF,-23.566234246318057,-46.730073973672916,Variada,"['Troca de Óleo', 'Freios', 'Suspensão', 'Pintura', 'Elétrica', 'Motor', 'Transmissão', 'Funilaria', 'Ar Condicionado', 'Troca de Pneu', 'Alinhamento', 'Balanceamento']",Zona Oeste,Rio Pequeno,"Meoo, GF"
DPaschoal_67_Meoo_GF,-23.58071422733863,-46.710730416313105,Variada,"['Troca de Óleo', 'Freios', 'Suspensão', 'Pintura', 'Elétrica', 'Motor', 'Transmissão', 'Funilaria', 'Ar Condicionado', 'Troca de Pneu', 'Alinhamento', 'Balanceamento']",Zona Oeste,Jaraguá,"Meoo, GF"
Bosch Car Service_68_Meoo_GF,-23.540361676111292,-46.70856057055597,Variada,"['Troca de Óleo', 'Freios', 'Suspensão', 'Pintura', 'Elétrica', 'Motor', 'Transmissão', 'Funilaria', 'Ar Condicionado', 'Troca de Pneu', 'Alinhamento', 'Balanceamento']",Zona Oeste,Perdizes,"Meoo, GF"
PneuStore_69_Meoo_GF,-23.603708166637755,-46.718615983415425,Variada,"['Troca de Pneu', 'Alinhamento', 'Balanceamento']",Zona Oeste,São Domingos,"Meoo, GF"
Oficina Mecânica Driver_70_Meoo_GF,-23.550952768441455,-46.74488358369771,Variada,"['Troca de Óleo', 'Freios', 'Suspensão', 'Pintura', 'Elétrica', 'Motor', 'Transmissão', 'Funilaria', 'Ar Condicionado', 'Troca de Pneu', 'Alinhamento', 'Balanceamento']",Zona Oeste,São Domingos,"Meoo, GF"
DPaschoal_71_Meoo_GF,-23.555313002657297,-46.70314536256974,Variada,"['Troca de Óleo', 'Freios', 'Suspensão', 'Pintura', 'Elétrica', 'Motor', 'Transmissão', 'Funilaria', 'Ar Condicionado', 'Troca de Pneu', 'Alinhamento', 'Balanceamento']",Zona Oeste,Limão,"Meoo, GF"
Centro Automotivo_72_Meoo_GF,-23.55668259375707,-46.751620342404436,Variada,"['Troca de Óleo', 'Freios', 'Suspensão', 'Pintura', 'Elétrica', 'Motor', 'Transmissão', 'Funilaria', 'Ar Condicionado', 'Troca de Pneu', 'Alinhamento', 'Balanceamento']",Zona Oeste,Limão,"Meoo, GF"
Norauto_73_Meoo_GF,-23.509427580776993,-46.71421211928372,Variada,"['Troca de Óleo', 'Freios', 'Suspensão', 'Pintura', 'Elétrica', 'Motor', 'Transmissão', 'Funilaria', 'Ar Condicionado', 'Troca de Pneu', 'Alinhamento', 'Balanceamento']",Zona Oeste,Brasilândia,"Meoo, GF"
Oficina Mecânica Driver_74_Meoo_GF,-23.521564244130747,-46.75441850904971,Variada,"['Troca de Óleo', 'Freios', 'Suspensão', 'Pintura', 'Elétrica', 'Motor', 'Transmissão', 'Funilaria', 'Ar Condicionado', 'Troca de Pneu', 'Alinhamento', 'Balanceamento']",Zona Oeste,Raposo Tavares,"Meoo, GF"
Medeiros Oficina_75_Meoo_GF,-23.566000497186867,-46.7251040363878,Variada,"['Troca de Óleo', 'Freios', 'Suspensão', 'Pintura', 'Elétrica', 'Motor', 'Transmissão', 'Funilaria', 'Ar Condicionado', 'Troca de Pneu', 'Alinhamento', 'Balanceamento']",Zona Oeste,Cachoeirinha,"Meoo, GF"
Oficina Mecânica Driver_76_Meoo_GF,-23.55099413807506,-46.72571096112391,Variada,"['Troca de Óleo', 'Freios', 'Suspensão', 'Pintura', 'Elétrica', 'Motor', 'Transmissão', 'Funilaria', 'Ar Condicionado', 'Troca de Pneu', 'Alinhamento', 'Balanceamento']",Zona Oeste,Alto de Pinheiros,"Meoo, GF"
Serviços Automotivos_77_Meoo_GF,-23.582532523539427,-46.75164355919357,Variada,"['Troca de Óleo', 'Freios', 'Suspensão', 'Pintura', 'Elétrica', 'Motor', 'Transmissão', 'Funilaria', 'Ar Condicionado', 'Troca de Pneu', 'Alinhamento', 'Balanceamento']",Zona Oeste,Anhanguera,"Meoo, GF"
Oficina Mecânica Driver_78_Meoo_GF,-23.547759831457466,-46.68983771375805,Variada,"['Troca de Óleo', 'Freios', 'Suspensão', 'Pintura', 'Elétrica', 'Motor', 'Transmissão', 'Funilaria', 'Ar Condicionado', 'Troca de Pneu', 'Alinhamento', 'Balanceamento']",Zona Oeste,Lapa,"Meoo, GF"
Norauto_79_Meoo_GF,-23.566261938683247,-46.723469535532125,Variada,"['Troca de Óleo', 'Freios', 'Suspensão', 'Pintura', 'Elétrica', 'Motor', 'Transmissão', 'Funilaria', 'Ar Condicionado', 'Troca de Pneu', 'Alinhamento', 'Balanceamento']",Zona Oeste,Pinheiros,"Meoo, GF"
Norauto_80_Meoo_GF,-23.55595029251402,-46.70678096913741,Variada,"['Troca de Óleo', 'Freios', 'Suspensão', 'Pintura', 'Elétrica', 'Motor', 'Transmissão', 'Funilaria', 'Ar Condicionado', 'Troca de Pneu', 'Alinhamento', 'Balanceamento']",Zona Oeste,Raposo Tavares,"Meoo, GF"
Oficina Mecânica Driver_81_Meoo_GF,-23.576355058378322,-46.713299615208015,Variada,"['Troca de Óleo', 'Freios', 'Suspensão', 'Pintura', 'Elétrica', 'Motor', 'Transmissão', 'Funilaria', 'Ar Condicionado', 'Troca de Pneu', 'Alinhamento', 'Balanceamento']",Zona Oeste,Pirituba,"Meoo, GF"
Medeiros Oficina_82_Meoo_GF,-23.536839981189956,-46.70579452564551,Variada,"['Troca de Óleo', 'Freios', 'Suspensão', 'Pintura', 'Elétrica', 'Motor', 'Transmissão', 'Funilaria', 'Ar Condicionado', 'Troca de Pneu', 'Alinhamento', 'Balanceamento']",Zona Oeste,Limão,"Meoo, GF"
Auto Mecânica_83_Meoo_GF,-23.60488938662315,-46.756965267935726,Variada,"['Troca de Óleo', 'Freios', 'Suspensão', 'Pintura', 'Elétrica', 'Motor', 'Transmissão', 'Funilaria', 'Ar Condicionado', 'Troca de Pneu', 'Alinhamento', 'Balanceamento']",Zona Oeste,Freguesia do Ó,"Meoo, GF"
Serviços Automotivos_84_Meoo_GF,-23.51647518317388,-46.69498564286529,Variada,"['Troca de Óleo', 'Freios', 'Suspensão', 'Pintura', 'Elétrica', 'Motor', 'Transmissão', 'Funilaria', 'Ar Condicionado', 'Troca de Pneu', 'Alinhamento', 'Balanceamento']",Zona Oeste,Raposo Tavares,"Meoo, GF"
Auto Mecânica_85_Meoo_GF,-23.607695284215723,-46.69090769361146,Variada,"['Troca de Óleo', 'Freios', 'Suspensão', 'Pintura', 'Elétrica', 'Motor', 'Transmissão', 'Funilaria', 'Ar Condicionado', 'Troca de Pneu', 'Alinhamento', 'Balanceamento']",Zona Sul,Marsilac,"Meoo, GF"
Centro Automotivo_86_Meoo_GF,-23.579628138818418,-46.74329423309233,Variada,"['Troca de Óleo', 'Freios', 'Suspensão', 'Pintura', 'Elétrica', 'Motor', 'Transmissão', 'Funilaria', 'Ar Condicionado', 'Troca de Pneu', 'Alinhamento', 'Balanceamento']",Zona Oeste,Brasilândia,"Meoo, GF"
Auto Mecânica_87_Meoo_GF,-23.601691410013007,-46.73198626154374,Variada,"['Troca de Óleo', 'Freios', 'Suspensão', 'Pintura', 'Elétrica', 'Motor', 'Transmissão', 'Funilaria', 'Ar Condicionado', 'Troca de Pneu', 'Alinhamento', 'Balanceamento']",Zona Oeste,Pinheiros,"Meoo, GF"
Centro Automotivo_88_Meoo_GF,-23.513716496133206,-46.707840025729986,Variada,"['Troca de Óleo', 'Freios', 'Suspensão', 'Pintura', 'Elétrica', 'Motor', 'Transmissão', 'Funilaria', 'Ar Condicionado', 'Troca de Pneu', 'Alinhamento', 'Balanceamento']",Zona Oeste,Pirituba,"Meoo, GF"
Bosch Car Service_89_Meoo_GF,-23.55333427996988,-46.75028031311451,Variada,"['Troca de Óleo', 'Freios', 'Suspensão', 'Pintura', 'Elétrica', 'Motor', 'Transmissão', 'Funilaria', 'Ar Condicionado', 'Troca de Pneu', 'Alinhamento', 'Balanceamento']",Zona Oeste,Rio Pequeno,"Meoo, GF"
Medeiros Oficina_90_Meoo_GF,-23.5866371958723,-46.775931007028674,Variada,"['Troca de Óleo', 'Freios', 'Suspensão', 'Pintura', 'Elétrica', 'Motor', 'Transmissão', 'Funilaria', 'Ar Condicionado', 'Troca de Pneu', 'Alinhamento', 'Balanceamento']",Zona Oeste,Limão,"Meoo, GF"
Auto Mecânica_91_Meoo_GF,-23.573694220218503,-46.722693895033316,Variada,"['Troca de Óleo', 'Freios', 'Suspensão', 'Pintura', 'Elétrica', 'Motor', 'Transmissão', 'Funilaria', 'Ar Condicionado', 'Troca de Pneu', 'Alinhamento', 'Balanceamento']",Zona Oeste,Pinheiros,"Meoo, GF"
Bosch Car Service_92_Meoo_GF,-23.54014913850192,-46.70591448175828,Variada,"['Troca de Óleo', 'Freios', 'Suspensão', 'Pintura', 'Elétrica', 'Motor', 'Transmissão', 'Funilaria', 'Ar Condicionado', 'Troca de Pneu', 'Alinhamento', 'Balanceamento']",Zona Oeste,Brasilândia,"Meoo, GF"
PneuStore_93_Meoo_GF,-23.551635530638627,-46.689504453327764,Variada,"['Troca de Pneu', 'Alinhamento', 'Balanceamento']",Zona Oeste,Jaraguá,"Meoo, GF"
Bosch Car Service_94_Meoo_GF,-23.547200464988713,-46.7142221421904,Variada,"['Troca de Óleo', 'Freios', 'Suspensão', 'Pintura', 'Elétrica', 'Motor', 'Transmissão', 'Funilaria', 'Ar Condicionado', 'Troca de Pneu', 'Alinhamento', 'Balanceamento']",Zona Oeste,Alto de Pinheiros,"Meoo, GF"
DPaschoal_95_Meoo_GF,-23.573439347471687,-46.682042015421914,Variada,"['Troca de Óleo', 'Freios', 'Suspensão', 'Pintura', 'Elétrica', 'Motor', 'Transmissão', 'Funilaria', 'Ar Condicionado', 'Troca de Pneu', 'Alinhamento', 'Balanceamento']",Zona Oeste,Jaraguá,"Meoo, GF"
PneuStore_96_Meoo_GF,-23.601581205986086,-46.74683036180978,Variada,"['Troca de Pneu', 'Alinhamento', 'Balanceamento']",Zona Oeste,Anhanguera,"Meoo, GF"
Auto Mecânica_97_Meoo_GF,-23.603399703545048,-46.749490887197744,Variada,"['Troca de Óleo', 'Freios', 'Suspensão', 'Pintura', 'Elétrica', 'Motor', 'Transmissão', 'Funilaria', 'Ar Condicionado', 'Troca de Pneu', 'Alinhamento', 'Balanceamento']",Zona Oeste,Raposo Tavares,"Meoo, GF"
Auto Mecânica_98_Meoo_GF,-23.552118297594998,-46.71095714738734,Variada,"['Troca de Óleo', 'Freios', 'Suspensão', 'Pintura', 'Elétrica', 'Motor', 'Transmissão', 'Funilaria', 'Ar Condicionado', 'Troca de Pneu', 'Alinhamento', 'Balanceamento']",Zona Oeste,Perdizes,"Meoo, GF"
Bosch Car Service_99_Meoo_GF,-23.54947962714707,-46.695721549026835,Variada,"['Troca de Óleo', 'Freios', 'Suspensão', 'Pintura', 'Elétrica', 'Motor', 'Transmissão', 'Funilaria', 'Ar Condicionado', 'Troca de Pneu', 'Alinhamento', 'Balanceamento']",Zona Oeste,Anhanguera,"Meoo, GF"
Medeiros Oficina_100_Meoo_GF,-23.580204949785305,-46.723436667946544,Variada,"['Troca de Óleo', 'Freios', 'Suspensão', 'Pintura', 'Elétrica', 'Motor', 'Transmissão', 'Funilaria', 'Ar Condicionado', 'Troca de Pneu', 'Alinhamento', 'Balanceamento']",Zona Oeste,Rio Pequeno,"Meoo, GF"
Serviços Automotivos_101_Meoo_GF,-23.6400975865875,-46.65483830655145,Variada,"['Troca de Óleo', 'Freios', 'Suspensão', 'Pintura', 'Elétrica', 'Motor', 'Transmissão', 'Funilaria', 'Ar Condicionado', 'Troca de Pneu', 'Alinhamento', 'Balanceamento']",Zona Sul,Cambuci,"Meoo, GF"
Oficina Mecânica Driver_102_Meoo_GF,-23.677282825910094,-46.71866266949613,Variada,"['Troca de Óleo', 'Freios', 'Suspensão', 'Pintura', 'Elétrica', 'Motor', 'Transmissão', 'Funilaria', 'Ar Condicionado', 'Troca de Pneu', 'Alinhamento', 'Balanceamento']",Zona Sul,Itaim Bibi,"Meoo, GF"
PneuStore_103_Meoo_GF,-23.67586467749841,-46.7318574915553,Variada,"['Troca de Pneu', 'Alinhamento', 'Balanceamento']",Zona Sul,Jardim Paulista,"Meoo, GF"
Oficina Mecânica Driver_104_Meoo_GF,-23.672733065937607,-46.72606587054179,Variada,"['Troca de Óleo', 'Freios', 'Suspensão', 'Pintura', 'Elétrica', 'Motor', 'Transmissão', 'Funilaria', 'Ar Condicionado', 'Troca de Pneu', 'Alinhamento', 'Balanceamento']",Zona Sul,Socorro,"Meoo, GF"
Centro Automotivo_105_Meoo_GF,-23.652248583527342,-46.66754119680114,Variada,"['Troca de Óleo', 'Freios', 'Suspensão', 'Pintura', 'Elétrica', 'Motor', 'Transmissão', 'Funilaria', 'Ar Condicionado', 'Troca de Pneu', 'Alinhamento', 'Balanceamento']",Zona Sul,Marsilac,"Meoo, GF"
Auto Mecânica_106_Meoo_GF,-23.696822874580672,-46.68416885102567,Variada,"['Troca de Óleo', 'Freios', 'Suspensão', 'Pintura', 'Elétrica', 'Motor', 'Transmissão', 'Funilaria', 'Ar Condicionado', 'Troca de Pneu', 'Alinhamento', 'Balanceamento']",Zona Sul,Parelheiros,"Meoo, GF"
Oficina Mecânica Driver_107_Meoo_GF,-23.64505489370198,-46.712903597034014,Variada,"['Troca de Óleo', 'Freios', 'Suspensão', 'Pintura', 'Elétrica', 'Motor', 'Transmissão', 'Funilaria', 'Ar Condicionado', 'Troca de Pneu', 'Alinhamento', 'Balanceamento']",Zona Sul,Campo Belo,"Meoo, GF"
Oficina Mecânica Driver_108_Meoo_GF,-23.645428618572236,-46.654411803471085,Variada,"['Troca de Óleo', 'Freios', 'Suspensão', 'Pintura', 'Elétrica', 'Motor', 'Transmissão', 'Funilaria', 'Ar Condicionado', 'Troca de Pneu', 'Alinhamento', 'Balanceamento']",Zona Sul,Parelheiros,"Meoo, GF"
Norauto_109_Meoo_GF,-23.67437481259572,-46.681465630467706,Variada,"['Troca de Óleo', 'Freios', 'Suspensão', 'Pintura', 'Elétrica', 'Motor', 'Transmissão', 'Funilaria', 'Ar Condicionado', 'Troca de Pneu', 'Alinhamento', 'Balanceamento']",Zona Sul,Cidade Dutra,"Meoo, GF"
Riveros Mecânica_110_Meoo_GF,-23.665308680857112,-46.65381662175718,Variada,"['Troca de Óleo', 'Freios', 'Suspensão', 'Pintura', 'Elétrica', 'Motor', 'Transmissão', 'Funilaria', 'Ar Condicionado', 'Troca de Pneu', 'Alinhamento', 'Balanceamento']",Zona Sul,Cidade Ademar,"Meoo, GF"
Auto Mecânica_111_Meoo_GF,-23.674949350210735,-46.74053669964065,Variada,"['Troca de Óleo', 'Freios', 'Suspensão', 'Pintura', 'Elétrica', 'Motor', 'Transmissão', 'Funilaria', 'Ar Condicionado', 'Troca de Pneu', 'Alinhamento', 'Balanceamento']",Zona Sul,Jardim Ângela,"Meoo, GF"
PneuStore_112_Meoo_GF,-23.681704066394246,-46.69103286327125,Variada,"['Troca de Pneu', 'Alinhamento', 'Balanceamento']",Zona Sul,Capão Redondo,"Meoo, GF"
PneuStore_113_Meoo_GF,-23.620418717399044,-46.661271576263005,Variada,"['Troca de Pneu', 'Alinhamento', 'Balanceamento']",Zona Sul,Parelheiros,"Meoo, GF"
DPaschoal_114_Meoo_GF,-23.640927379004772,-46.684243659624336,Variada,"['Troca de Óleo', 'Freios', 'Suspensão', 'Pintura', 'Elétrica', 'Motor', 'Transmissão', 'Funilaria', 'Ar Condicionado', 'Troca de Pneu', 'Alinhamento', 'Balanceamento']",Zona Sul,Vila Sônia,"Meoo, GF"
Riveros Mecânica_115_Meoo_GF,-23.639281465328004,-46.67768450543871,Variada,"['Troca de Óleo', 'Freios', 'Suspensão', 'Pintura', 'Elétrica', 'Motor', 'Transmissão', 'Funilaria', 'Ar Condicionado', 'Troca de Pneu', 'Alinhamento', 'Balanceamento']",Zona Sul,Vila Sônia,"Meoo, GF"
DPaschoal_116_Meoo_GF,-23.623230309648044,-46.6801917418574,Variada,"['Troca de Óleo', 'Freios', 'Suspensão', 'Pintura', 'Elétrica', 'Motor', 'Transmissão', 'Funilaria', 'Ar Condicionado', 'Troca de Pneu', 'Alinhamento', 'Balanceamento']",Zona Sul,Socorro,"Meoo, GF"
Bosch Car Service_117_Meoo_GF,-23.694137176275206,-46.67291307603959,Variada,"['Troca de Óleo', 'Freios', 'Suspensão', 'Pintura', 'Elétrica', 'Motor', 'Transmissão', 'Funilaria', 'Ar Condicionado', 'Troca de Pneu', 'Alinhamento', 'Balanceamento']",Zona Sul,Cidade Ademar,"Meoo, GF"
PneuStore_118_Meoo_GF,-23.684008113570254,-46.69896709092727,Variada,"['Troca de Pneu', 'Alinhamento', 'Balanceamento']",Zona Sul,Vila Mariana,"Meoo, GF"
Oficina Mecânica Driver_119_Meoo_GF,-23.61036789339783,-46.69120310416336,Variada,"['Troca de Óleo', 'Freios', 'Suspensão', 'Pintura', 'Elétrica', 'Motor', 'Transmissão', 'Funilaria', 'Ar Condicionado', 'Troca de Pneu', 'Alinhamento', 'Balanceamento']",Zona Sul,Cambuci,"Meoo, GF"
Auto Mecânica_120_Meoo_GF,-23.621682152817204,-46.65186595447505,Variada,"['Troca de Óleo', 'Freios', 'Suspensão', 'Pintura', 'Elétrica', 'Motor', 'Transmissão', 'Funilaria', 'Ar Condicionado', 'Troca de Pneu', 'Alinhamento', 'Balanceamento']",Zona Sul,Jardim São Luís,"Meoo, GF"
Centro Automotivo_121_Meoo_GF,-23.697416881487012,-46.648429244775365,Variada,"['Troca de Óleo', 'Freios', 'Suspensão', 'Pintura', 'Elétrica', 'Motor', 'Transmissão', 'Funilaria', 'Ar Condicionado', 'Troca de Pneu', 'Alinhamento', 'Balanceamento']",Zona Sul,Moema,"Meoo, GF"
Norauto_122_Meoo_GF,-23.660091898360925,-46.66829170262604,Variada,"['Troca de Óleo', 'Freios', 'Suspensão', 'Pintura', 'Elétrica', 'Motor', 'Transmissão', 'Funilaria', 'Ar Condicionado', 'Troca de Pneu', 'Alinhamento', 'Balanceamento']",Zona Sul,Jardim Paulista,"Meoo, GF"
Serviços Automotivos_123_Meoo_GF,-23.644948752212546,-46.65128092848129,Variada,"['Troca de Óleo', 'Freios', 'Suspensão', 'Pintura', 'Elétrica', 'Motor', 'Transmissão', 'Funilaria', 'Ar Condicionado', 'Troca de Pneu', 'Alinhamento', 'Balanceamento']",Zona Sul,Vila Andrade,"Meoo, GF"
Oficina Mecânica Driver_124_Meoo_GF,-23.68829646359653,-46.686987838732755,Variada,"['Troca de Óleo', 'Freios', 'Suspensão', 'Pintura', 'Elétrica', 'Motor', 'Transmissão', 'Funilaria', 'Ar Condicionado', 'Troca de Pneu', 'Alinhamento', 'Balanceamento']",Zona Sul,Moema,"Meoo, GF"
Medeiros Oficina_125_Meoo_GF,-23.644340532507126,-46.69506885085795,Variada,"['Troca de Óleo', 'Freios', 'Suspensão', 'Pintura', 'Elétrica', 'Motor', 'Transmissão', 'Funilaria', 'Ar Condicionado', 'Troca de Pneu', 'Alinhamento', 'Balanceamento']",Zona Sul,Cidade Dutra,"Meoo, GF"
Serviços Automotivos_126_Meoo_GF,-23.634754271295453,-46.65620289386112,Variada,"['Troca de Óleo', 'Freios', 'Suspensão', 'Pintura', 'Elétrica', 'Motor', 'Transmissão', 'Funilaria', 'Ar Condicionado', 'Troca de Pneu', 'Alinhamento', 'Balanceamento']",Zona Sul,Socorro,"Meoo, GF"
Centro Automotivo_127_Meoo_GF,-23.665912758180735,-46.73924826764003,Variada,"['Troca de Óleo', 'Freios', 'Suspensão', 'Pintura', 'Elétrica', 'Motor', 'Transmissão', 'Funilaria', 'Ar Condicionado', 'Troca de Pneu', 'Alinhamento', 'Balanceamento']",Zona Sul,Ipiranga,"Meoo, GF"
Norauto_128_Meoo_GF,-23.70801679677776,-46.67408391260715,Variada,"['Troca de Óleo', 'Freios', 'Suspensão', 'Pintura', 'Elétrica', 'Motor', 'Transmissão', 'Funilaria', 'Ar Condicionado', 'Troca de Pneu', 'Alinhamento', 'Balanceamento']",Zona Sul,Vila Sônia,"Meoo, GF"
Centro Automotivo_129_Meoo_GF,-23.697906590068996,-46.64460245369731,Variada,"['Troca de Óleo', 'Freios', 'Suspensão', 'Pintura', 'Elétrica', 'Motor', 'Transmissão', 'Funilaria', 'Ar Condicionado', 'Troca de Pneu', 'Alinhamento', 'Balanceamento']",Zona Sul,Morumbi,"Meoo, GF"
Medeiros Oficina_130_Meoo_GF,-23.62918823017462,-46.69698236880912,Variada,"['Troca de Óleo', 'Freios', 'Suspensão', 'Pintura', 'Elétrica', 'Motor', 'Transmissão', 'Funilaria', 'Ar Condicionado', 'Troca de Pneu', 'Alinhamento', 'Balanceamento']",Zona Sul,Vila Mariana,"Meoo, GF"
Centro Automotivo_131_Meoo_GF,-23.67289023100485,-46.645017417997416,Variada,"['Troca de Óleo', 'Freios', 'Suspensão', 'Pintura', 'Elétrica', 'Motor', 'Transmissão', 'Funilaria', 'Ar Condicionado', 'Troca de Pneu', 'Alinhamento', 'Balanceamento']",Zona Sul,Santo Amaro,"Meoo, GF"
Centro Automotivo_132_Meoo_GF,-23.66314660297039,-46.70568769810326,Variada,"['Troca de Óleo', 'Freios', 'Suspensão', 'Pintura', 'Elétrica', 'Motor', 'Transmissão', 'Funilaria', 'Ar Condicionado', 'Troca de Pneu', 'Alinhamento', 'Balanceamento']",Zona Sul,Saúde,"Meoo, GF"
Medeiros Oficina_133_Meoo_GF,-23.67751745878446,-46.727091824861546,Variada,"['Troca de Óleo', 'Freios', 'Suspensão', 'Pintura', 'Elétrica', 'Motor', 'Transmissão', 'Funilaria', 'Ar Condicionado', 'Troca de Pneu', 'Alinhamento', 'Balanceamento']",Zona Sul,Cidade Ademar,"Meoo, GF"
Auto Mecânica_134_Meoo_GF,-23.64251473201536,-46.716257530159425,Variada,"['Troca de Óleo', 'Freios', 'Suspensão', 'Pintura', 'Elétrica', 'Motor', 'Transmissão', 'Funilaria', 'Ar Condicionado', 'Troca de Pneu', 'Alinhamento', 'Balanceamento']",Zona Sul,Jardim São Luís,"Meoo, GF"
Auto Mecânica_135_Meoo_GF,-23.69355792929845,-46.71163403157588,Variada,"['Troca de Óleo', 'Freios', 'Suspensão', 'Pintura', 'Elétrica', 'Motor', 'Transmissão', 'Funilaria', 'Ar Condicionado', 'Troca de Pneu', 'Alinhamento', 'Balanceamento']",Zona Sul,Santo Amaro,"Meoo, GF"
Norauto_136_Meoo_GF,-23.658794520668003,-46.66227527276568,Variada,"['Troca de Óleo', 'Freios', 'Suspensão', 'Pintura', 'Elétrica', 'Motor', 'Transmissão', 'Funilaria', 'Ar Condicionado', 'Troca de Pneu', 'Alinhamento', 'Balanceamento']",Zona Sul,Capão Redondo,"Meoo, GF"
Serviços Automotivos_137_Meoo_GF,-23.685198687847993,-46.65494066597666,Variada,"['Troca de Óleo', 'Freios', 'Suspensão', 'Pintura', 'Elétrica', 'Motor', 'Transmissão', 'Funilaria', 'Ar Condicionado', 'Troca de Pneu', 'Alinhamento', 'Balanceamento']",Zona Sul,Sacomã,"Meoo, GF"
Riveros Mecânica_138_Meoo_GF,-23.66483912016074,-46.694189680227694,Variada,"['Troca de Óleo', 'Freios', 'Suspensão', 'Pintura', 'Elétrica', 'Motor', 'Transmissão', 'Funilaria', 'Ar Condicionado', 'Troca de Pneu', 'Alinhamento', 'Balanceamento']",Zona Sul,Vila Andrade,"Meoo, GF"
Bosch Car Service_139_Meoo_GF,-23.613315455958535,-46.64628096887219,Variada,"['Troca de Óleo', 'Freios', 'Suspensão', 'Pintura', 'Elétrica', 'Motor', 'Transmissão', 'Funilaria', 'Ar Condicionado', 'Troca de Pneu', 'Alinhamento', 'Balanceamento']",Zona Sul,Campo Belo,"Meoo, GF"
PneuStore_140_Meoo_GF,-23.66350161089734,-46.671402098228576,Variada,"['Troca de Pneu', 'Alinhamento', 'Balanceamento']",Zona Sul,Jardim Ângela,"Meoo, GF"
Bosch Car Service_141_Meoo_GF,-23.63827455472519,-46.71190428198368,Variada,"['Troca de Óleo', 'Freios', 'Suspensão', 'Pintura', 'Elétrica', 'Motor', 'Transmissão', 'Funilaria', 'Ar Condicionado', 'Troca de Pneu', 'Alinhamento', 'Balanceamento']",Zona Sul,Socorro,"Meoo, GF"
Norauto_142_Meoo_GF,-23.613223949731715,-46.7356653566237,Variada,"['Troca de Óleo', 'Freios', 'Suspensão', 'Pintura', 'Elétrica', 'Motor', 'Transmissão', 'Funilaria', 'Ar Condicionado', 'Troca de Pneu', 'Alinhamento', 'Balanceamento']",Zona Oeste,Jaraguá,"Meoo, GF"
Centro Automotivo_143_Meoo_GF,-23.675757711630226,-46.73765260853405,Variada,"['Troca de Óleo', 'Freios', 'Suspensão', 'Pintura', 'Elétrica', 'Motor', 'Transmissão', 'Funilaria', 'Ar Condicionado', 'Troca de Pneu', 'Alinhamento', 'Balanceamento']",Zona Sul,Cursino,"Meoo, GF"
Serviços Automotivos_144_Meoo_GF,-23.616517308880383,-46.64302548979384,Variada,"['Troca de Óleo', 'Freios', 'Suspensão', 'Pintura', 'Elétrica', 'Motor', 'Transmissão', 'Funilaria', 'Ar Condicionado', 'Troca de Pneu', 'Alinhamento', 'Balanceamento']",Zona Sul,Jabaquara,"Meoo, GF"
Centro Automotivo_145_Meoo_GF,-23.65591995498766,-46.65973237312159,Variada,"['Troca de Óleo', 'Freios', 'Suspensão', 'Pintura', 'Elétrica', 'Motor', 'Transmissão', 'Funilaria', 'Ar Condicionado', 'Troca de Pneu', 'Alinhamento', 'Balanceamento']",Zona Sul,Pedreira,"Meoo, GF"
Medeiros Oficina_146_Meoo_GF,-23.626733262738362,-46.67585892007392,Variada,"['Troca de Óleo', 'Freios', 'Suspensão', 'Pintura', 'Elétrica', 'Motor', 'Transmissão', 'Funilaria', 'Ar Condicionado', 'Troca de Pneu', 'Alinhamento', 'Balanceamento']",Zona Sul,Vila Mariana,"Meoo, GF"
Medeiros Oficina_147_Meoo_GF,-23.64124605751431,-46.71889969198872,Variada,"['Troca de Óleo', 'Freios', 'Suspensão', 'Pintura', 'Elétrica', 'Motor', 'Transmissão', 'Funilaria', 'Ar Condicionado', 'Troca de Pneu', 'Alinhamento', 'Balanceamento']",Zona Sul,Jardim São Luís,"Meoo, GF"
Oficina Mecânica Driver_148_Meoo_GF,-23.635472467477275,-46.65962365725868,Variada,"['Troca de Óleo', 'Freios', 'Suspensão', 'Pintura', 'Elétrica', 'Motor', 'Transmissão', 'Funilaria', 'Ar Condicionado', 'Troca de Pneu', 'Alinhamento', 'Balanceamento']",Zona Sul,Cursino,"Meoo, GF"
DPaschoal_149_Meoo_GF,-23.696026185052716,-46.72720026424089,Variada,"['Troca de Óleo', 'Freios', 'Suspensão', 'Pintura', 'Elétrica', 'Motor', 'Transmissão', 'Funilaria', 'Ar Condicionado', 'Troca de Pneu', 'Alinhamento', 'Balanceamento']",Zona Sul,Cambuci,"Meoo, GF"
PneuStore_150_Meoo_GF,-23.66962435671214,-46.65978172320042,Variada,"['Troca de Pneu', 'Alinhamento', 'Balanceamento']",Zona Sul,Pedreira,"Meoo, GF"
Auto Mecânica_151_Meoo_GF,-23.66929512606983,-46.6511819898709,Variada,"['Troca de Óleo', 'Freios', 'Suspensão', 'Pintura', 'Elétrica', 'Motor', 'Transmissão', 'Funilaria', 'Ar Condicionado', 'Troca de Pneu', 'Alinhamento', 'Balanceamento']",Zona Sul,Santo Amaro,"Meoo, GF"
Serviços Automotivos_152_Meoo_GF,-23.651632225478124,-46.697976860728716,Variada,"['Troca de Óleo', 'Freios', 'Suspensão', 'Pintura', 'Elétrica', 'Motor', 'Transmissão', 'Funilaria', 'Ar Condicionado', 'Troca de Pneu', 'Alinhamento', 'Balanceamento']",Zona Sul,Jabaquara,"Meoo, GF"
Auto Mecânica_153_Meoo_GF,-23.696524823269012,-46.72526323882174,Variada,"['Troca de Óleo', 'Freios', 'Suspensão', 'Pintura', 'Elétrica', 'Motor', 'Transmissão', 'Funilaria', 'Ar Condicionado', 'Troca de Pneu', 'Alinhamento', 'Balanceamento']",Zona Sul,Cambuci,"Meoo, GF"
Norauto_154_Meoo_GF,-23.615187382171516,-46.70326550897539,Variada,"['Troca de Óleo', 'Freios', 'Suspensão', 'Pintura', 'Elétrica', 'Motor', 'Transmissão', 'Funilaria', 'Ar Condicionado', 'Troca de Pneu', 'Alinhamento', 'Balanceamento']",Zona Sul,Santo Amaro,"Meoo, GF"
Auto Mecânica_155_Meoo_GF,-23.633982408393162,-46.72471593720086,Variada,"['Troca de Óleo', 'Freios', 'Suspensão', 'Pintura', 'Elétrica', 'Motor', 'Transmissão', 'Funilaria', 'Ar Condicionado', 'Troca de Pneu', 'Alinhamento', 'Balanceamento']",Zona Sul,Cidade Ademar,"Meoo, GF"
Oficina Mecânica Driver_156_Meoo_GF,-23.655516801285966,-46.71507208420922,Variada,"['Troca de Óleo', 'Freios', 'Suspensão', 'Pintura', 'Elétrica', 'Motor', 'Transmissão', 'Funilaria', 'Ar Condicionado', 'Troca de Pneu', 'Alinhamento', 'Balanceamento']",Zona Sul,Vila Mariana,"Meoo, GF"
Centro Automotivo_157_Meoo_GF,-23.709334712547594,-46.70852795421778,Variada,"['Troca de Óleo', 'Freios', 'Suspensão', 'Pintura', 'Elétrica', 'Motor', 'Transmissão', 'Funilaria', 'Ar Condicionado', 'Troca de Pneu', 'Alinhamento', 'Balanceamento']",Zona Sul,Cambuci,"Meoo, GF"
Bosch Car Service_158_Meoo_GF,-23.70868721021222,-46.725349871936885,Variada,"['Troca de Óleo', 'Freios', 'Suspensão', 'Pintura', 'Elétrica', 'Motor', 'Transmissão', 'Funilaria', 'Ar Condicionado', 'Troca de Pneu', 'Alinhamento', 'Balanceamento']",Zona Sul,Parelheiros,"Meoo, GF"
Norauto_159_Meoo_GF,-23.612389099616323,-46.68119806426147,Variada,"['Troca de Óleo', 'Freios', 'Suspensão', 'Pintura', 'Elétrica', 'Motor', 'Transmissão', 'Funilaria', 'Ar Condicionado', 'Troca de Pneu', 'Alinhamento', 'Balanceamento']",Zona Sul,Santo Amaro,"Meoo, GF"
Bosch Car Service_160_Meoo_GF,-23.6623175657858,-46.71579677418452,Variada,"['Troca de Óleo', 'Freios', 'Suspensão', 'Pintura', 'Elétrica', 'Motor', 'Transmissão', 'Funilaria', 'Ar Condicionado', 'Troca de Pneu', 'Alinhamento', 'Balanceamento']",Zona Sul,Ipiranga,"Meoo, GF"
Serviços Automotivos_161_Meoo_GF,-23.57116016957669,-46.55946796906377,Variada,"['Troca de Óleo', 'Freios', 'Suspensão', 'Pintura', 'Elétrica', 'Motor', 'Transmissão', 'Funilaria', 'Ar Condicionado', 'Troca de Pneu', 'Alinhamento', 'Balanceamento']",Zona Leste,Artur Alvim,"Meoo, GF"
DPaschoal_162_Meoo_GF,-23.554099464441723,-46.54553854142897,Variada,"['Troca de Óleo', 'Freios', 'Suspensão', 'Pintura', 'Elétrica', 'Motor', 'Transmissão', 'Funilaria', 'Ar Condicionado', 'Troca de Pneu', 'Alinhamento', 'Balanceamento']",Zona Leste,Vila Jacuí,"Meoo, GF"
Serviços Automotivos_163_Meoo_GF,-23.5965935203653,-46.555271720584535,Variada,"['Troca de Óleo', 'Freios', 'Suspensão', 'Pintura', 'Elétrica', 'Motor', 'Transmissão', 'Funilaria', 'Ar Condicionado', 'Troca de Pneu', 'Alinhamento', 'Balanceamento']",Zona Leste,José Bonifácio,"Meoo, GF"
Oficina Mecânica Driver_164_Meoo_GF,-23.566802625424877,-46.49069417439758,Variada,"['Troca de Óleo', 'Freios', 'Suspensão', 'Pintura', 'Elétrica', 'Motor', 'Transmissão', 'Funilaria', 'Ar Condicionado', 'Troca de Pneu', 'Alinhamento', 'Balanceamento']",Zona Leste,Vila Formosa,"Meoo, GF"
Norauto_165_Meoo_GF,-23.607450777195915,-46.48485271778821,Variada,"['Troca de Óleo', 'Freios', 'Suspensão', 'Pintura', 'Elétrica', 'Motor', 'Transmissão', 'Funilaria', 'Ar Condicionado', 'Troca de Pneu', 'Alinhamento', 'Balanceamento']",Zona Leste,Penha,"Meoo, GF"
Oficina Mecânica Driver_166_Meoo_GF,-23.632046647739323,-46.539890955558796,Variada,"['Troca de Óleo', 'Freios', 'Suspensão', 'Pintura', 'Elétrica', 'Motor', 'Transmissão', 'Funilaria', 'Ar Condicionado', 'Troca de Pneu', 'Alinhamento', 'Balanceamento']",Zona Leste,Vila Prudente,"Meoo, GF"
PneuStore_167_Meoo_GF,-23.58451702123548,-46.49960695453888,Variada,"['Troca de Pneu', 'Alinhamento', 'Balanceamento']",Zona Leste,São Miguel,"Meoo, GF"
Bosch Car Service_168_Meoo_GF,-23.57693782958838,-46.568270402944584,Variada,"['Troca de Óleo', 'Freios', 'Suspensão', 'Pintura', 'Elétrica', 'Motor', 'Transmissão', 'Funilaria', 'Ar Condicionado', 'Troca de Pneu', 'Alinhamento', 'Balanceamento']",Zona Leste,Vila Curuçá,"Meoo, GF"
Oficina Mecânica Driver_169_Meoo_GF,-23.55966223557848,-46.56672377271316,Variada,"['Troca de Óleo', 'Freios', 'Suspensão', 'Pintura', 'Elétrica', 'Motor', 'Transmissão', 'Funilaria', 'Ar Condicionado', 'Troca de Pneu', 'Alinhamento', 'Balanceamento']",Zona Leste,São Rafael,"Meoo, GF"
Oficina Mecânica Driver_170_Meoo_GF,-23.625255384333933,-46.5282802202269,Variada,"['Troca de Óleo', 'Freios', 'Suspensão', 'Pintura', 'Elétrica', 'Motor', 'Transmissão', 'Funilaria', 'Ar Condicionado', 'Troca de Pneu', 'Alinhamento', 'Balanceamento']",Zona Leste,Carrão,"Meoo, GF"
Oficina Mecânica Driver_171_Meoo_GF,-23.600454932520282,-46.52708628890751,Variada,"['Troca de Óleo', 'Freios', 'Suspensão', 'Pintura', 'Elétrica', 'Motor', 'Transmissão', 'Funilaria', 'Ar Condicionado', 'Troca de Pneu', 'Alinhamento', 'Balanceamento']",Zona Leste,Aricanduva,"Meoo, GF"
Auto Mecânica_172_Meoo_GF,-23.537674627467037,-46.562062472794665,Variada,"['Troca de Óleo', 'Freios', 'Suspensão', 'Pintura', 'Elétrica', 'Motor', 'Transmissão', 'Funilaria', 'Ar Condicionado', 'Troca de Pneu', 'Alinhamento', 'Balanceamento']",Zona Leste,Vila Matilde,"Meoo, GF"
Serviços Automotivos_173_Meoo_GF,-23.626325611900732,-46.55906204467876,Variada,"['Troca de Óleo', 'Freios', 'Suspensão', 'Pintura', 'Elétrica', 'Motor', 'Transmissão', 'Funilaria', 'Ar Condicionado', 'Troca de Pneu', 'Alinhamento', 'Balanceamento']",Zona Leste,Itaim Paulista,"Meoo, GF"
Medeiros Oficina_174_Meoo_GF,-23.605166101234413,-46.5551664040523,Variada,"['Troca de Óleo', 'Freios', 'Suspensão', 'Pintura', 'Elétrica', 'Motor', 'Transmissão', 'Funilaria', 'Ar Condicionado', 'Troca de Pneu', 'Alinhamento', 'Balanceamento']",Zona Leste,Tatuapé,"Meoo, GF"
Norauto_175_Meoo_GF,-23.60414955344037,-46.56261221983949,Variada,"['Troca de Óleo', 'Freios', 'Suspensão', 'Pintura', 'Elétrica', 'Motor', 'Transmissão', 'Funilaria', 'Ar Condicionado', 'Troca de Pneu', 'Alinhamento', 'Balanceamento']",Zona Leste,Guaianazes,"Meoo, GF"
DPaschoal_176_Meoo_GF,-23.575365067214566,-46.51069704086761,Variada,"['Troca de Óleo', 'Freios', 'Suspensão', 'Pintura', 'Elétrica', 'Motor', 'Transmissão', 'Funilaria', 'Ar Condicionado', 'Troca de Pneu', 'Alinhamento', 'Balanceamento']",Zona Leste,Cidade Líder,"Meoo, GF"
Bosch Car Service_177_Meoo_GF,-23.56344093557159,-46.55866481322567,Variada,"['Troca de Óleo', 'Freios', 'Suspensão', 'Pintura', 'Elétrica', 'Motor', 'Transmissão', 'Funilaria', 'Ar Condicionado', 'Troca de Pneu', 'Alinhamento', 'Balanceamento']",Zona Leste,Jardim Helena,"Meoo, GF"
Riveros Mecânica_178_Meoo_GF,-23.61685322895652,-46.48756619404234,Variada,"['Troca de Óleo', 'Freios', 'Suspensão', 'Pintura', 'Elétrica', 'Motor', 'Transmissão', 'Funilaria', 'Ar Condicionado', 'Troca de Pneu', 'Alinhamento', 'Balanceamento']",Zona Leste,José Bonifácio,"Meoo, GF"
Serviços Automotivos_179_Meoo_GF,-23.57508507890072,-46.47568820969715,Variada,"['Troca de Óleo', 'Freios', 'Suspensão', 'Pintura', 'Elétrica', 'Motor', 'Transmissão', 'Funilaria', 'Ar Condicionado', 'Troca de Pneu', 'Alinhamento', 'Balanceamento']",Zona Leste,Belém,"Meoo, GF"
Norauto_180_Meoo_GF,-23.536500081797996,-46.49136523184167,Variada,"['Troca de Óleo', 'Freios', 'Suspensão', 'Pintura', 'Elétrica', 'Motor', 'Transmissão', 'Funilaria', 'Ar Condicionado', 'Troca de Pneu', 'Alinhamento', 'Balanceamento']",Zona Leste,Sapopemba,"Meoo, GF"
Medeiros Oficina_181_Meoo_GF,-23.577440446906287,-46.50543145699008,Variada,"['Troca de Óleo', 'Freios', 'Suspensão', 'Pintura', 'Elétrica', 'Motor', 'Transmissão', 'Funilaria', 'Ar Condicionado', 'Troca de Pneu', 'Alinhamento', 'Balanceamento']",Zona Leste,Vila Jacuí,"Meoo, GF"
Riveros Mecânica_182_Meoo_GF,-23.547085431661817,-46.49821101638138,Variada,"['Troca de Óleo', 'Freios', 'Suspensão', 'Pintura', 'Elétrica', 'Motor', 'Transmissão', 'Funilaria', 'Ar Condicionado', 'Troca de Pneu', 'Alinhamento', 'Balanceamento']",Zona Leste,São Miguel,"Meoo, GF"
Norauto_183_Meoo_GF,-23.60470908304418,-46.5079680084954,Variada,"['Troca de Óleo', 'Freios', 'Suspensão', 'Pintura', 'Elétrica', 'Motor', 'Transmissão', 'Funilaria', 'Ar Condicionado', 'Troca de Pneu', 'Alinhamento', 'Balanceamento']",Zona Leste,Penha,"Meoo, GF"
Oficina Mecânica Driver_184_Meoo_GF,-23.62342140665477,-46.565310281373186,Variada,"['Troca de Óleo', 'Freios', 'Suspensão', 'Pintura', 'Elétrica', 'Motor', 'Transmissão', 'Funilaria', 'Ar Condicionado', 'Troca de Pneu', 'Alinhamento', 'Balanceamento']",Zona Leste,Itaquera,"Meoo, GF"
Oficina Mecânica Driver_185_Meoo_GF,-23.572391050025765,-46.489525438550885,Variada,"['Troca de Óleo', 'Freios', 'Suspensão', 'Pintura', 'Elétrica', 'Motor', 'Transmissão', 'Funilaria', 'Ar Condicionado', 'Troca de Pneu', 'Alinhamento', 'Balanceamento']",Zona Leste,Vila Prudente,"Meoo, GF"
Auto Mecânica_186_Meoo_GF,-23.63133690949239,-46.566228766748516,Variada,"['Troca de Óleo', 'Freios', 'Suspensão', 'Pintura', 'Elétrica', 'Motor', 'Transmissão', 'Funilaria', 'Ar Condicionado', 'Troca de Pneu', 'Alinhamento', 'Balanceamento']",Zona Leste,Vila Formosa,"Meoo, GF"
Riveros Mecânica_187_Meoo_GF,-23.62591703669365,-46.50688304195469,Variada,"['Troca de Óleo', 'Freios', 'Suspensão', 'Pintura', 'Elétrica', 'Motor', 'Transmissão', 'Funilaria', 'Ar Condicionado', 'Troca de Pneu', 'Alinhamento', 'Balanceamento']",Zona Leste,São Mateus,"Meoo, GF"
Medeiros Oficina_188_Meoo_GF,-23.572960032978795,-46.527571806553695,Variada,"['Troca de Óleo', 'Freios', 'Suspensão', 'Pintura', 'Elétrica', 'Motor', 'Transmissão', 'Funilaria', 'Ar Condicionado', 'Troca de Pneu', 'Alinhamento', 'Balanceamento']",Zona Leste,Mooca,"Meoo, GF"
Riveros Mecânica_189_Meoo_GF,-23.579250066274017,-46.54593738355415,Variada,"['Troca de Óleo', 'Freios', 'Suspensão', 'Pintura', 'Elétrica', 'Motor', 'Transmissão', 'Funilaria', 'Ar Condicionado', 'Troca de Pneu', 'Alinhamento', 'Balanceamento']",Zona Leste,José Bonifácio,"Meoo, GF"
Bosch Car Service_190_Meoo_GF,-23.554774069843404,-46.54331036896872,Variada,"['Troca de Óleo', 'Freios', 'Suspensão', 'Pintura', 'Elétrica', 'Motor', 'Transmissão', 'Funilaria', 'Ar Condicionado', 'Troca de Pneu', 'Alinhamento', 'Balanceamento']",Zona Leste,Vila Formosa,"Meoo, GF"
PneuStore_191_Meoo_GF,-23.578895589375627,-46.54847824452444,Variada,"['Troca de Pneu', 'Alinhamento', 'Balanceamento']",Zona Leste,Lajeado,"Meoo, GF"
DPaschoal_192_Meoo_GF,-23.6212385508721,-46.47790216380024,Variada,"['Troca de Óleo', 'Freios', 'Suspensão', 'Pintura', 'Elétrica', 'Motor', 'Transmissão', 'Funilaria', 'Ar Condicionado', 'Troca de Pneu', 'Alinhamento', 'Balanceamento']",Zona Leste,Vila Curuçá,"Meoo, GF"
Centro Automotivo_193_Meoo_GF,-23.54738673936113,-46.49108081436035,Variada,"['Troca de Óleo', 'Freios', 'Suspensão', 'Pintura', 'Elétrica', 'Motor', 'Transmissão', 'Funilaria', 'Ar Condicionado', 'Troca de Pneu', 'Alinhamento', 'Balanceamento']",Zona Leste,Ermelino Matarazzo,"Meoo, GF"
PneuStore_194_Meoo_GF,-23.616721450509978,-46.54371794097201,Variada,"['Troca de Pneu', 'Alinhamento', 'Balanceamento']",Zona Leste,Vila Formosa,"Meoo, GF"
Bosch Car Service_195_Meoo_GF,-23.628248457098163,-46.54564335533673,Variada,"['Troca de Óleo', 'Freios', 'Suspensão', 'Pintura', 'Elétrica', 'Motor', 'Transmissão', 'Funilaria', 'Ar Condicionado', 'Troca de Pneu', 'Alinhamento', 'Balanceamento']",Zona Leste,São Rafael,"Meoo, GF"
Serviços Automotivos_196_Meoo_GF,-23.597317789840318,-46.505024788528246,Variada,"['Troca de Óleo', 'Freios', 'Suspensão', 'Pintura', 'Elétrica', 'Motor', 'Transmissão', 'Funilaria', 'Ar Condicionado', 'Troca de Pneu', 'Alinhamento', 'Balanceamento']",Zona Leste,Vila Curuçá,"Meoo, GF"
Centro Automotivo_197_Meoo_GF,-23.62076325847176,-46.55284359331872,Variada,"['Troca de Óleo', 'Freios', 'Suspensão', 'Pintura', 'Elétrica', 'Motor', 'Transmissão', 'Funilaria', 'Ar Condicionado', 'Troca de Pneu', 'Alinhamento', 'Balanceamento']",Zona Leste,Lajeado,"Meoo, GF"
Centro Automotivo_198_Meoo_GF,-23.630731301073887,-46.56194366476688,Variada,"['Troca de Óleo', 'Freios', 'Suspensão', 'Pintura', 'Elétrica', 'Motor', 'Transmissão', 'Funilaria', 'Ar Condicionado', 'Troca de Pneu', 'Alinhamento', 'Balanceamento']",Zona Leste,Aricanduva,"Meoo, GF"
Oficina Mecânica Driver_199_Meoo_GF,-23.618439681537296,-46.50111965518884,Variada,"['Troca de Óleo', 'Freios', 'Suspensão', 'Pintura', 'Elétrica', 'Motor', 'Transmissão', 'Funilaria', 'Ar Condicionado', 'Troca de Pneu', 'Alinhamento', 'Balanceamento']",Zona Leste,Artur Alvim,"Meoo, GF"
Norauto_200_Meoo_GF,-23.604194163668044,-46.54964399943187,Variada,"['Troca de Óleo', 'Freios', 'Suspensão', 'Pintura', 'Elétrica', 'Motor', 'Transmissão', 'Funilaria', 'Ar Condicionado', 'Troca de Pneu', 'Alinhamento', 'Balanceamento']",Zona Leste,Iguatemi,"Meoo, GF"
Eurobike Service_1_Meoo,-23.599023668638065,-46.628114188376195,Nobre/Central,"['Troca de Óleo', 'Freios', 'Suspensão', 'Pintura', 'Elétrica', 'Motor', 'Transmissão', 'Funilaria', 'Ar Condicionado', 'Troca de Pneu', 'Alinhamento', 'Balanceamento']",Zona Central,Brás,Meoo
Xexeu Car Centro Automotivo_2_Meoo,-23.543990960235423,-46.64107511761025,Nobre/Central,"['Troca de Óleo', 'Freios', 'Suspensão', 'Pintura', 'Elétrica', 'Motor', 'Transmissão', 'Funilaria', 'Ar Condicionado', 'Troca de Pneu', 'Alinhamento', 'Balanceamento']",Zona Central,Liberdade,Meoo
Miranda Car Premium_3_Meoo,-23.516366992490106,-46.601167390262496,Nobre/Central,"['Troca de Óleo', 'Freios', 'Suspensão', 'Pintura', 'Elétrica', 'Motor', 'Transmissão', 'Funilaria', 'Ar Condicionado', 'Troca de Pneu', 'Alinhamento', 'Balanceamento']",Zona Norte,Vila Medeiros,Meoo
Eurobike Service_4_Meoo,-23.59151797830635,-46.628543639236014,Nobre/Central,"['Troca de Óleo', 'Freios', 'Suspensão', 'Pintura', 'Elétrica', 'Motor', 'Transmissão', 'Funilaria', 'Ar Condicionado', 'Troca de Pneu', 'Alinhamento', 'Balanceamento']",Zona Central,República,Meoo
Eurobike Service_5_Meoo,-23.51665265920177,-46.65197980936335,Nobre/Central,"['Troca de Óleo', 'Freios', 'Suspensão', 'Pintura', 'Elétrica', 'Motor', 'Transmissão', 'Funilaria', 'Ar Condicionado', 'Troca de Pneu', 'Alinhamento', 'Balanceamento']",Zona Central,Consolação,Meoo
Stradale Car Service_6_Meoo,-23.577515131484102,-46.6054153047882,Nobre/Central,"['Troca de Óleo', 'Freios', 'Suspensão', 'Pintura', 'Elétrica', 'Motor', 'Transmissão', 'Funilaria', 'Ar Condicionado', 'Troca de Pneu', 'Alinhamento', 'Balanceamento']",Zona Central,Pari,Meoo
Xexeu Car Centro Automotivo_7_Meoo,-23.514790943383638,-46.61890405683085,Nobre/Central,"['Troca de Óleo', 'Freios', 'Suspensão', 'Pintura', 'Elétrica', 'Motor', 'Transmissão', 'Funilaria', 'Ar Condicionado', 'Troca de Pneu', 'Alinhamento', 'Balanceamento']",Zona Norte,Vila Guilherme,Meoo
Premium Garage_8_Meoo,-23.5110160302104,-46.66028645711089,Nobre/Central,"['Troca de Óleo', 'Freios', 'Suspensão', 'Pintura', 'Elétrica', 'Motor', 'Transmissão', 'Funilaria', 'Ar Condicionado', 'Troca de Pneu', 'Alinhamento', 'Balanceamento']",Zona Norte,Vila Medeiros,Meoo
Box 54_9_Meoo,-23.53613678488541,-46.594034311199636,Nobre/Central,"['Troca de Óleo', 'Freios', 'Suspensão', 'Pintura', 'Elétrica', 'Motor', 'Transmissão', 'Funilaria', 'Ar Condicionado', 'Troca de Pneu', 'Alinhamento', 'Balanceamento']",Zona Central,Brás,Meoo
Miranda Car Premium_10_Meoo,-23.547600740455348,-46.58349488163545,Nobre/Central,"['Troca de Óleo', 'Freios', 'Suspensão', 'Pintura', 'Elétrica', 'Motor', 'Transmissão', 'Funilaria', 'Ar Condicionado', 'Troca de Pneu', 'Alinhamento', 'Balanceamento']",Zona Central,Bom Retiro,Meoo
Perfil 1147_11_Meoo,-23.504889748169482,-46.65219473100408,Nobre/Central,"['Troca de Óleo', 'Freios', 'Suspensão', 'Pintura', 'Elétrica', 'Motor', 'Transmissão', 'Funilaria', 'Ar Condicionado', 'Troca de Pneu', 'Alinhamento', 'Balanceamento']",Zona Norte,Vila Medeiros,Meoo
Sport Garage_12_Meoo,-23.58616752447663,-46.67704516602534,Nobre/Central,"['Troca de Óleo', 'Freios', 'Suspensão', 'Pintura', 'Elétrica', 'Motor', 'Transmissão', 'Funilaria', 'Ar Condicionado', 'Troca de Pneu', 'Alinhamento', 'Balanceamento']",Zona Central,Consolação,Meoo
Miranda Car Premium_13_Meoo,-23.589532583381185,-46.612345224315646,Nobre/Central,"['Troca de Óleo', 'Freios', 'Suspensão', 'Pintura', 'Elétrica', 'Motor', 'Transmissão', 'Funilaria', 'Ar Condicionado', 'Troca de Pneu', 'Alinhamento', 'Balanceamento']",Zona Central,Santa Cecília,Meoo
Perfil 1147_14_Meoo,-23.545933585735792,-46.64909509432362,Nobre/Central,"['Troca de Óleo', 'Freios', 'Suspensão', 'Pintura', 'Elétrica', 'Motor', 'Transmissão', 'Funilaria', 'Ar Condicionado', 'Troca de Pneu', 'Alinhamento', 'Balanceamento']",Zona Central,Bela Vista,Meoo
Sport Garage_15_Meoo,-23.5182381420039,-46.67488324730544,Nobre/Central,"['Troca de Óleo', 'Freios', 'Suspensão', 'Pintura', 'Elétrica', 'Motor', 'Transmissão', 'Funilaria', 'Ar Condicionado', 'Troca de Pneu', 'Alinhamento', 'Balanceamento']",Zona Central,República,Meoo
Xexeu Car Centro Automotivo_16_Meoo,-23.537240488048088,-46.5931589624572,Nobre/Central,"['Troca de Óleo', 'Freios', 'Suspensão', 'Pintura', 'Elétrica', 'Motor', 'Transmissão', 'Funilaria', 'Ar Condicionado', 'Troca de Pneu', 'Alinhamento', 'Balanceamento']",Zona Central,Barra Funda,Meoo
Perfil 1147_17_Meoo,-23.551402448469943,-46.662486123722786,Nobre/Central,"['Troca de Óleo', 'Freios', 'Suspensão', 'Pintura', 'Elétrica', 'Motor', 'Transmissão', 'Funilaria', 'Ar Condicionado', 'Troca de Pneu', 'Alinhamento', 'Balanceamento']",Zona Central,Bom Retiro,Meoo
Carbon Motors_18_Meoo,-23.58727404616318,-46.641195769836365,Nobre/Central,"['Motor', 'Transmissão']",Zona Central,República,Meoo
Miranda Car Premium_19_Meoo,-23.599101974288633,-46.65212920432939,Nobre/Central,"['Troca de Óleo', 'Freios', 'Suspensão', 'Pintura', 'Elétrica', 'Motor', 'Transmissão', 'Funilaria', 'Ar Condicionado', 'Troca de Pneu', 'Alinhamento', 'Balanceamento']",Zona Central,República,Meoo
Sport Garage_20_Meoo,-23.559953913777864,-46.635565123915676,Nobre/Central,"['Troca de Óleo', 'Freios', 'Suspensão', 'Pintura', 'Elétrica', 'Motor', 'Transmissão', 'Funilaria', 'Ar Condicionado', 'Troca de Pneu', 'Alinhamento', 'Balanceamento']",Zona Central,Santa Cecília,Meoo
Xexeu Car Centro Automotivo_21_Meoo,-23.585941223407374,-46.59502308553326,Nobre/Central,"['Troca de Óleo', 'Freios', 'Suspensão', 'Pintura', 'Elétrica', 'Motor', 'Transmissão', 'Funilaria', 'Ar Condicionado', 'Troca de Pneu', 'Alinhamento', 'Balanceamento']",Zona Central,Sé,Meoo
Perfil 1147_22_Meoo,-23.52365987583573,-46.607168913839836,Nobre/Central,"['Troca de Óleo', 'Freios', 'Suspensão', 'Pintura', 'Elétrica', 'Motor', 'Transmissão', 'Funilaria', 'Ar Condicionado', 'Troca de Pneu', 'Alinhamento', 'Balanceamento']",Zona Central,Liberdade,Meoo
Miranda Car Premium_23_Meoo,-23.56879920474108,-46.594645491391276,Nobre/Central,"['Troca de Óleo', 'Freios', 'Suspensão', 'Pintura', 'Elétrica', 'Motor', 'Transmissão', 'Funilaria', 'Ar Condicionado', 'Troca de Pneu', 'Alinhamento', 'Balanceamento']",Zona Central,Pari,Meoo
Autokraft_24_Meoo,-23.558701901302047,-46.60830981844458,Nobre/Central,"['Troca de Óleo', 'Freios', 'Suspensão', 'Pintura', 'Elétrica', 'Motor', 'Transmissão', 'Funilaria', 'Ar Condicionado', 'Troca de Pneu', 'Alinhamento', 'Balanceamento']",Zona Central,Santa Cecília,Meoo
Sport Garage_25_Meoo,-23.56407966319899,-46.63118799246187,Nobre/Central,"['Troca de Óleo', 'Freios', 'Suspensão', 'Pintura', 'Elétrica', 'Motor', 'Transmissão', 'Funilaria', 'Ar Condicionado', 'Troca de Pneu', 'Alinhamento', 'Balanceamento']",Zona Central,Santa Cecília,Meoo
Carbon Motors_26_Meoo,-23.531625197436338,-46.657201899827484,Nobre/Central,"['Motor', 'Transmissão']",Zona Central,Brás,Meoo
Miranda Car Premium_27_Meoo,-23.577105288405882,-46.58449107304639,Nobre/Central,"['Troca de Óleo', 'Freios', 'Suspensão', 'Pintura', 'Elétrica', 'Motor', 'Transmissão', 'Funilaria', 'Ar Condicionado', 'Troca de Pneu', 'Alinhamento', 'Balanceamento']",Zona Central,Brás,Meoo
Autokraft_28_Meoo,-23.584947843723853,-46.6173615392806,Nobre/Central,"['Troca de Óleo', 'Freios', 'Suspensão', 'Pintura', 'Elétrica', 'Motor', 'Transmissão', 'Funilaria', 'Ar Condicionado', 'Troca de Pneu', 'Alinhamento', 'Balanceamento']",Zona Central,Sé,Meoo
Autokraft_29_Meoo,-23.592472743248052,-46.66596359502816,Nobre/Central,"['Troca de Óleo', 'Freios', 'Suspensão', 'Pintura', 'Elétrica', 'Motor', 'Transmissão', 'Funilaria', 'Ar Condicionado', 'Troca de Pneu', 'Alinhamento', 'Balanceamento']",Zona Central,República,Meoo
Eurobike Service_30_Meoo,-23.598085613712428,-46.60267480402389,Nobre/Central,"['Troca de Óleo', 'Freios', 'Suspensão', 'Pintura', 'Elétrica', 'Motor', 'Transmissão', 'Funilaria', 'Ar Condicionado', 'Troca de Pneu', 'Alinhamento', 'Balanceamento']",Zona Central,República,Meoo
Miranda Car Premium_31_Meoo,-23.60015952266368,-46.67281426132977,Nobre/Central,"['Troca de Óleo', 'Freios', 'Suspensão', 'Pintura', 'Elétrica', 'Motor', 'Transmissão', 'Funilaria', 'Ar Condicionado', 'Troca de Pneu', 'Alinhamento', 'Balanceamento']",Zona Central,Bom Retiro,Meoo
Eurobike Service_32_Meoo,-23.548687743417634,-46.625425019182344,Nobre/Central,"['Troca de Óleo', 'Freios', 'Suspensão', 'Pintura', 'Elétrica', 'Motor', 'Transmissão', 'Funilaria', 'Ar Condicionado', 'Troca de Pneu', 'Alinhamento', 'Balanceamento']",Zona Central,Sé,Meoo
Perfil 1147_33_Meoo,-23.50727261277841,-46.656948730275154,Nobre/Central,"['Troca de Óleo', 'Freios', 'Suspensão', 'Pintura', 'Elétrica', 'Motor', 'Transmissão', 'Funilaria', 'Ar Condicionado', 'Troca de Pneu', 'Alinhamento', 'Balanceamento']",Zona Norte,Tucuruvi,Meoo
Carbon Motors_34_Meoo,-23.54635377364107,-46.66853046349402,Nobre/Central,"['Motor', 'Transmissão']",Zona Central,Bela Vista,Meoo
Xexeu Car Centro Automotivo_35_Meoo,-23.588646981925926,-46.59915052822353,Nobre/Central,"['Troca de Óleo', 'Freios', 'Suspensão', 'Pintura', 'Elétrica', 'Motor', 'Transmissão', 'Funilaria', 'Ar Condicionado', 'Troca de Pneu', 'Alinhamento', 'Balanceamento']",Zona Central,República,Meoo
Carbon Motors_36_Meoo,-23.51062554051977,-46.64850787849559,Nobre/Central,"['Motor', 'Transmissão']",Zona Norte,Tremembé,Meoo
Eurobike Service_37_Meoo,-23.51483394741654,-46.646249748135965,Nobre/Central,"['Troca de Óleo', 'Freios', 'Suspensão', 'Pintura', 'Elétrica', 'Motor', 'Transmissão', 'Funilaria', 'Ar Condicionado', 'Troca de Pneu', 'Alinhamento', 'Balanceamento']",Zona Central,Bom Retiro,Meoo
Xexeu Car Centro Automotivo_38_Meoo,-23.59287090974451,-46.66825662241399,Nobre/Central,"['Troca de Óleo', 'Freios', 'Suspensão', 'Pintura', 'Elétrica', 'Motor', 'Transmissão', 'Funilaria', 'Ar Condicionado', 'Troca de Pneu', 'Alinhamento', 'Balanceamento']",Zona Central,Liberdade,Meoo
Sport Garage_39_Meoo,-23.59601093734348,-46.65615535560032,Nobre/Central,"['Troca de Óleo', 'Freios', 'Suspensão', 'Pintura', 'Elétrica', 'Motor', 'Transmissão', 'Funilaria', 'Ar Condicionado', 'Troca de Pneu', 'Alinhamento', 'Balanceamento']",Zona Central,Barra Funda,Meoo
Xexeu Car Centro Automotivo_40_Meoo,-23.501072026902808,-46.676940293484265,Nobre/Central,"['Troca de Óleo', 'Freios', 'Suspensão', 'Pintura', 'Elétrica', 'Motor', 'Transmissão', 'Funilaria', 'Ar Condicionado', 'Troca de Pneu', 'Alinhamento', 'Balanceamento']",Zona Norte,Santana,Meoo
Xexeu Car Centro Automotivo_41_Meoo,-23.5610522475685,-46.626394749440735,Nobre/Central,"['Troca de Óleo', 'Freios', 'Suspensão', 'Pintura', 'Elétrica', 'Motor', 'Transmissão', 'Funilaria', 'Ar Condicionado', 'Troca de Pneu', 'Alinhamento', 'Balanceamento']",Zona Central,Bela Vista,Meoo
Sport Garage_42_Meoo,-23.56685412032364,-46.63886957843718,Nobre/Central,"['Troca de Óleo', 'Freios', 'Suspensão', 'Pintura', 'Elétrica', 'Motor', 'Transmissão', 'Funilaria', 'Ar Condicionado', 'Troca de Pneu', 'Alinhamento', 'Balanceamento']",Zona Central,Barra Funda,Meoo
Sport Garage_43_Meoo,-23.603647888207966,-46.75148176328329,Nobre/Central,"['Troca de Óleo', 'Freios', 'Suspensão', 'Pintura', 'Elétrica', 'Motor', 'Transmissão', 'Funilaria', 'Ar Condicionado', 'Troca de Pneu', 'Alinhamento', 'Balanceamento']",Zona Oeste,Vila Leopoldina,Meoo
Autokraft_44_Meoo,-23.56786055725796,-46.746860519569125,Nobre/Central,"['Troca de Óleo', 'Freios', 'Suspensão', 'Pintura', 'Elétrica', 'Motor', 'Transmissão', 'Funilaria', 'Ar Condicionado', 'Troca de Pneu', 'Alinhamento', 'Balanceamento']",Zona Oeste,Raposo Tavares,Meoo
Autokraft_45_Meoo,-23.556675986990797,-46.69871879328135,Nobre/Central,"['Troca de Óleo', 'Freios', 'Suspensão', 'Pintura', 'Elétrica', 'Motor', 'Transmissão', 'Funilaria', 'Ar Condicionado', 'Troca de Pneu', 'Alinhamento', 'Balanceamento']",Zona Oeste,Limão,Meoo
Eurobike Service_46_Meoo,-23.605007279025845,-46.69934887997036,Nobre/Central,"['Troca de Óleo', 'Freios', 'Suspensão', 'Pintura', 'Elétrica', 'Motor', 'Transmissão', 'Funilaria', 'Ar Condicionado', 'Troca de Pneu', 'Alinhamento', 'Balanceamento']",Zona Oeste,Cachoeirinha,Meoo
Sport Garage_47_Meoo,-23.56045465302987,-46.75503015309255,Nobre/Central,"['Troca de Óleo', 'Freios', 'Suspensão', 'Pintura', 'Elétrica', 'Motor', 'Transmissão', 'Funilaria', 'Ar Condicionado', 'Troca de Pneu', 'Alinhamento', 'Balanceamento']",Zona Oeste,Rio Pequeno,Meoo
Stradale Car Service_48_Meoo,-23.5142528374959,-46.7054583110563,Nobre/Central,"['Troca de Óleo', 'Freios', 'Suspensão', 'Pintura', 'Elétrica', 'Motor', 'Transmissão', 'Funilaria', 'Ar Condicionado', 'Troca de Pneu', 'Alinhamento', 'Balanceamento']",Zona Oeste,Pinheiros,Meoo
Eurobike Service_49_Meoo,-23.51465920301946,-46.73329531073427,Nobre/Central,"['Troca de Óleo', 'Freios', 'Suspensão', 'Pintura', 'Elétrica', 'Motor', 'Transmissão', 'Funilaria', 'Ar Condicionado', 'Troca de Pneu', 'Alinhamento', 'Balanceamento']",Zona Oeste,Raposo Tavares,Meoo
Premium Garage_50_Meoo,-23.551074330684536,-46.74182219500497,Nobre/Central,"['Troca de Óleo', 'Freios', 'Suspensão', 'Pintura', 'Elétrica', 'Motor', 'Transmissão', 'Funilaria', 'Ar Condicionado', 'Troca de Pneu', 'Alinhamento', 'Balanceamento']",Zona Oeste,Pinheiros,Meoo
Stradale Car Service_51_Meoo,-23.540177934390606,-46.68692996653125,Nobre/Central,"['Troca de Óleo', 'Freios', 'Suspensão', 'Pintura', 'Elétrica', 'Motor', 'Transmissão', 'Funilaria', 'Ar Condicionado', 'Troca de Pneu', 'Alinhamento', 'Balanceamento']",Zona Oeste,Alto de Pinheiros,Meoo
Miranda Car Premium_52_Meoo,-23.51713767891917,-46.74320602551446,Nobre/Central,"['Troca de Óleo', 'Freios', 'Suspensão', 'Pintura', 'Elétrica', 'Motor', 'Transmissão', 'Funilaria', 'Ar Condicionado', 'Troca de Pneu', 'Alinhamento', 'Balanceamento']",Zona Oeste,Perdizes,Meoo
Sport Garage_53_Meoo,-23.563365517889405,-46.715528022542216,Nobre/Central,"['Troca de Óleo', 'Freios', 'Suspensão', 'Pintura', 'Elétrica', 'Motor', 'Transmissão', 'Funilaria', 'Ar Condicionado', 'Troca de Pneu', 'Alinhamento', 'Balanceamento']",Zona Oeste,Jaguaré,Meoo
Miranda Car Premium_54_Meoo,-23.542578914766775,-46.75613633364238,Nobre/Central,"['Troca de Óleo', 'Freios', 'Suspensão', 'Pintura', 'Elétrica', 'Motor', 'Transmissão', 'Funilaria', 'Ar Condicionado', 'Troca de Pneu', 'Alinhamento', 'Balanceamento']",Zona Oeste,Limão,Meoo
Premium Garage_55_Meoo,-23.582455823723016,-46.73856982125151,Nobre/Central,"['Troca de Óleo', 'Freios', 'Suspensão', 'Pintura', 'Elétrica', 'Motor', 'Transmissão', 'Funilaria', 'Ar Condicionado', 'Troca de Pneu', 'Alinhamento', 'Balanceamento']",Zona Oeste,Rio Pequeno,Meoo
Eurobike Service_56_Meoo,-23.5177211379849,-46.76407116864313,Nobre/Central,"['Troca de Óleo', 'Freios', 'Suspensão', 'Pintura', 'Elétrica', 'Motor', 'Transmissão', 'Funilaria', 'Ar Condicionado', 'Troca de Pneu', 'Alinhamento', 'Balanceamento']",Zona Oeste,Brasilândia,Meoo
Sport Garage_57_Meoo,-23.555792615442652,-46.74535254939628,Nobre/Central,"['Troca de Óleo', 'Freios', 'Suspensão', 'Pintura', 'Elétrica', 'Motor', 'Transmissão', 'Funilaria', 'Ar Condicionado', 'Troca de Pneu', 'Alinhamento', 'Balanceamento']",Zona Oeste,Anhanguera,Meoo
Sport Garage_58_Meoo,-23.576697453998516,-46.70956551521525,Nobre/Central,"['Troca de Óleo', 'Freios', 'Suspensão', 'Pintura', 'Elétrica', 'Motor', 'Transmissão', 'Funilaria', 'Ar Condicionado', 'Troca de Pneu', 'Alinhamento', 'Balanceamento']",Zona Oeste,Jaraguá,Meoo
Carbon Motors_59_Meoo,-23.561893452862126,-46.698876282185374,Nobre/Central,"['Motor', 'Transmissão']",Zona Oeste,Brasilândia,Meoo
Premium Garage_60_Meoo,-23.528155362850757,-46.76305467325248,Nobre/Central,"['Troca de Óleo', 'Freios', 'Suspensão', 'Pintura', 'Elétrica', 'Motor', 'Transmissão', 'Funilaria', 'Ar Condicionado', 'Troca de Pneu', 'Alinhamento', 'Balanceamento']",Zona Oeste,Brasilândia,Meoo
Autokraft_61_Meoo,-23.59557441805506,-46.699154900546674,Nobre/Central,"['Troca de Óleo', 'Freios', 'Suspensão', 'Pintura', 'Elétrica', 'Motor', 'Transmissão', 'Funilaria', 'Ar Condicionado', 'Troca de Pneu', 'Alinhamento', 'Balanceamento']",Zona Oeste,Limão,Meoo
Autokraft_62_Meoo,-23.532288762372318,-46.72366782146734,Nobre/Central,"['Troca de Óleo', 'Freios', 'Suspensão', 'Pintura', 'Elétrica', 'Motor', 'Transmissão', 'Funilaria', 'Ar Condicionado', 'Troca de Pneu', 'Alinhamento', 'Balanceamento']",Zona Oeste,Pinheiros,Meoo
Stradale Car Service_63_Meoo,-23.60608329309664,-46.7136673762176,Nobre/Central,"['Troca de Óleo', 'Freios', 'Suspensão', 'Pintura', 'Elétrica', 'Motor', 'Transmissão', 'Funilaria', 'Ar Condicionado', 'Troca de Pneu', 'Alinhamento', 'Balanceamento']",Zona Oeste,Vila Leopoldina,Meoo
Stradale Car Service_64_Meoo,-23.523698373164457,-46.68313720319403,Nobre/Central,"['Troca de Óleo', 'Freios', 'Suspensão', 'Pintura', 'Elétrica', 'Motor', 'Transmissão', 'Funilaria', 'Ar Condicionado', 'Troca de Pneu', 'Alinhamento', 'Balanceamento']",Zona Central,Liberdade,Meoo
Xexeu Car Centro Automotivo_65_Meoo,-23.601933497958065,-46.72057148742391,Nobre/Central,"['Troca de Óleo', 'Freios', 'Suspensão', 'Pintura', 'Elétrica', 'Motor', 'Transmissão', 'Funilaria', 'Ar Condicionado', 'Troca de Pneu', 'Alinhamento', 'Balanceamento']",Zona Oeste,Limão,Meoo
Eurobike Service_66_Meoo,-23.563034745045986,-46.75309890777583,Nobre/Central,"['Troca de Óleo', 'Freios', 'Suspensão', 'Pintura', 'Elétrica', 'Motor', 'Transmissão', 'Funilaria', 'Ar Condicionado', 'Troca de Pneu', 'Alinhamento', 'Balanceamento']",Zona Oeste,Cachoeirinha,Meoo
Box 54_67_Meoo,-23.562652243948623,-46.73038814261485,Nobre/Central,"['Troca de Óleo', 'Freios', 'Suspensão', 'Pintura', 'Elétrica', 'Motor', 'Transmissão', 'Funilaria', 'Ar Condicionado', 'Troca de Pneu', 'Alinhamento', 'Balanceamento']",Zona Oeste,Vila Leopoldina,Meoo
Premium Garage_68_Meoo,-23.6065356714568,-46.77199877754983,Nobre/Central,"['Troca de Óleo', 'Freios', 'Suspensão', 'Pintura', 'Elétrica', 'Motor', 'Transmissão', 'Funilaria', 'Ar Condicionado', 'Troca de Pneu', 'Alinhamento', 'Balanceamento']",Zona Oeste,Jaguaré,Meoo
Perfil 1147_69_Meoo,-23.525329317396675,-46.74824098470058,Nobre/Central,"['Troca de Óleo', 'Freios', 'Suspensão', 'Pintura', 'Elétrica', 'Motor', 'Transmissão', 'Funilaria', 'Ar Condicionado', 'Troca de Pneu', 'Alinhamento', 'Balanceamento']",Zona Oeste,Jaguaré,Meoo
Autokraft_70_Meoo,-23.56525476253005,-46.747742049185234,Nobre/Central,"['Troca de Óleo', 'Freios', 'Suspensão', 'Pintura', 'Elétrica', 'Motor', 'Transmissão', 'Funilaria', 'Ar Condicionado', 'Troca de Pneu', 'Alinhamento', 'Balanceamento']",Zona Oeste,Jaguaré,Meoo
PneuStore_1_GF,-23.53965171177509,-46.50495748181795,Periférica,"['Troca de Pneu', 'Alinhamento', 'Balanceamento']",Zona Leste,Aricanduva,GF
Oficina Mecânica Driver_2_GF,-23.555314434478248,-46.54172402928552,Periférica,"['Troca de Óleo', 'Freios', 'Suspensão', 'Pintura', 'Elétrica', 'Motor', 'Transmissão', 'Funilaria', 'Ar Condicionado', 'Troca de Pneu', 'Alinhamento', 'Balanceamento']",Zona Leste,Lajeado,GF
Bosch Car Service_3_GF,-23.621697131485202,-46.569060081268034,Periférica,"['Troca de Óleo', 'Freios', 'Suspensão', 'Pintura', 'Elétrica', 'Motor', 'Transmissão', 'Funilaria', 'Ar Condicionado', 'Troca de Pneu', 'Alinhamento', 'Balanceamento']",Zona Leste,São Rafael,GF
Riveros Mecânica_4_GF,-23.610667295243406,-46.47707667210767,Periférica,"['Troca de Óleo', 'Freios', 'Suspensão', 'Pintura', 'Elétrica', 'Motor', 'Transmissão', 'Funilaria', 'Ar Condicionado', 'Troca de Pneu', 'Alinhamento', 'Balanceamento']",Zona Leste,Sapopemba,GF
Oficina Mecânica Driver_5_GF,-23.54391773407132,-46.52150989118998,Periférica,"['Troca de Óleo', 'Freios', 'Suspensão', 'Pintura', 'Elétrica', 'Motor', 'Transmissão', 'Funilaria', 'Ar Condicionado', 'Troca de Pneu', 'Alinhamento', 'Balanceamento']",Zona Leste,Ponte Rasa,GF
Serviços Automotivos_6_GF,-23.580765880996378,-46.475742048916636,Periférica,"['Troca de Óleo', 'Freios', 'Suspensão', 'Pintura', 'Elétrica', 'Motor', 'Transmissão', 'Funilaria', 'Ar Condicionado', 'Troca de Pneu', 'Alinhamento', 'Balanceamento']",Zona Leste,São Miguel,GF
Medeiros Oficina_7_GF,-23.54800061562007,-46.573500450585186,Periférica,"['Troca de Óleo', 'Freios', 'Suspensão', 'Pintura', 'Elétrica', 'Motor', 'Transmissão', 'Funilaria', 'Ar Condicionado', 'Troca de Pneu', 'Alinhamento', 'Balanceamento']",Zona Central,Barra Funda,GF
Medeiros Oficina_8_GF,-23.615496850549068,-46.48830212975887,Periférica,"['Troca de Óleo', 'Freios', 'Suspensão', 'Pintura', 'Elétrica', 'Motor', 'Transmissão', 'Funilaria', 'Ar Condicionado', 'Troca de Pneu', 'Alinhamento', 'Balanceamento']",Zona Leste,Lajeado,GF
Bosch Car Service_9_GF,-23.57909316879434,-46.56933092200189,Periférica,"['Troca de Óleo', 'Freios', 'Suspensão', 'Pintura', 'Elétrica', 'Motor', 'Transmissão', 'Funilaria', 'Ar Condicionado', 'Troca de Pneu', 'Alinhamento', 'Balanceamento']",Zona Leste,São Mateus,GF
Medeiros Oficina_10_GF,-23.621933120041344,-46.51687338719731,Periférica,"['Troca de Óleo', 'Freios', 'Suspensão', 'Pintura', 'Elétrica', 'Motor', 'Transmissão', 'Funilaria', 'Ar Condicionado', 'Troca de Pneu', 'Alinhamento', 'Balanceamento']",Zona Leste,Jardim Helena,GF
Riveros Mecânica_11_GF,-23.594652784051984,-46.500820778114516,Periférica,"['Troca de Óleo', 'Freios', 'Suspensão', 'Pintura', 'Elétrica', 'Motor', 'Transmissão', 'Funilaria', 'Ar Condicionado', 'Troca de Pneu', 'Alinhamento', 'Balanceamento']",Zona Leste,Ponte Rasa,GF
Medeiros Oficina_12_GF,-23.541096038535752,-46.489852521492715,Periférica,"['Troca de Óleo', 'Freios', 'Suspensão', 'Pintura', 'Elétrica', 'Motor', 'Transmissão', 'Funilaria', 'Ar Condicionado', 'Troca de Pneu', 'Alinhamento', 'Balanceamento']",Zona Leste,São Rafael,GF
Auto Mecânica_13_GF,-23.546683940761508,-46.57041784624254,Periférica,"['Troca de Óleo', 'Freios', 'Suspensão', 'Pintura', 'Elétrica', 'Motor', 'Transmissão', 'Funilaria', 'Ar Condicionado', 'Troca de Pneu', 'Alinhamento', 'Balanceamento']",Zona Leste,Itaim Paulista,GF
Bosch Car Service_14_GF,-23.60749465540093,-46.47541770365139,Periférica,"['Troca de Óleo', 'Freios', 'Suspensão', 'Pintura', 'Elétrica', 'Motor', 'Transmissão', 'Funilaria', 'Ar Condicionado', 'Troca de Pneu', 'Alinhamento', 'Balanceamento']",Zona Leste,Penha,GF
PneuStore_15_GF,-23.58083813233449,-46.56002320962289,Periférica,"['Troca de Pneu', 'Alinhamento', 'Balanceamento']",Zona Leste,Parque do Carmo,GF
Bosch Car Service_16_GF,-23.618595629911457,-46.550886154664475,Periférica,"['Troca de Óleo', 'Freios', 'Suspensão', 'Pintura', 'Elétrica', 'Motor', 'Transmissão', 'Funilaria', 'Ar Condicionado', 'Troca de Pneu', 'Alinhamento', 'Balanceamento']",Zona Leste,Vila Jacuí,GF
Serviços Automotivos_17_GF,-23.56271436633266,-46.52267754045108,Periférica,"['Troca de Óleo', 'Freios', 'Suspensão', 'Pintura', 'Elétrica', 'Motor', 'Transmissão', 'Funilaria', 'Ar Condicionado', 'Troca de Pneu', 'Alinhamento', 'Balanceamento']",Zona Leste,Sapopemba,GF
Auto Mecânica_18_GF,-23.59145249641269,-46.5546207153933,Periférica,"['Troca de Óleo', 'Freios', 'Suspensão', 'Pintura', 'Elétrica', 'Motor', 'Transmissão', 'Funilaria', 'Ar Condicionado', 'Troca de Pneu', 'Alinhamento', 'Balanceamento']",Zona Leste,Vila Matilde,GF
Serviços Automotivos_19_GF,-23.593232207063334,-46.5379608233574,Periférica,"['Troca de Óleo', 'Freios', 'Suspensão', 'Pintura', 'Elétrica', 'Motor', 'Transmissão', 'Funilaria', 'Ar Condicionado', 'Troca de Pneu', 'Alinhamento', 'Balanceamento']",Zona Leste,São Rafael,GF
Serviços Automotivos_20_GF,-23.57092683018347,-46.53166404308738,Periférica,"['Troca de Óleo', 'Freios', 'Suspensão', 'Pintura', 'Elétrica', 'Motor', 'Transmissão', 'Funilaria', 'Ar Condicionado', 'Troca de Pneu', 'Alinhamento', 'Balanceamento']",Zona Leste,São Rafael,GF
DPaschoal_21_GF,-23.60137889879768,-46.53840304397511,Periférica,"['Troca de Óleo', 'Freios', 'Suspensão', 'Pintura', 'Elétrica', 'Motor', 'Transmissão', 'Funilaria', 'Ar Condicionado', 'Troca de Pneu', 'Alinhamento', 'Balanceamento']",Zona Leste,Cidade Líder,GF
Riveros Mecânica_22_GF,-23.69435498637847,-46.65675932298875,Periférica,"['Troca de Óleo', 'Freios', 'Suspensão', 'Pintura', 'Elétrica', 'Motor', 'Transmissão', 'Funilaria', 'Ar Condicionado', 'Troca de Pneu', 'Alinhamento', 'Balanceamento']",Zona Sul,Saúde,GF
Serviços Automotivos_23_GF,-23.673258280979557,-46.69433021891215,Periférica,"['Troca de Óleo', 'Freios', 'Suspensão', 'Pintura', 'Elétrica', 'Motor', 'Transmissão', 'Funilaria', 'Ar Condicionado', 'Troca de Pneu', 'Alinhamento', 'Balanceamento']",Zona Sul,Cidade Dutra,GF
Serviços Automotivos_24_GF,-23.62529270412404,-46.67697582278522,Periférica,"['Troca de Óleo', 'Freios', 'Suspensão', 'Pintura', 'Elétrica', 'Motor', 'Transmissão', 'Funilaria', 'Ar Condicionado', 'Troca de Pneu', 'Alinhamento', 'Balanceamento']",Zona Sul,Cidade Dutra,GF
Oficina Mecânica Driver_25_GF,-23.698740436387325,-46.64467237257531,Periférica,"['Troca de Óleo', 'Freios', 'Suspensão', 'Pintura', 'Elétrica', 'Motor', 'Transmissão', 'Funilaria', 'Ar Condicionado', 'Troca de Pneu', 'Alinhamento', 'Balanceamento']",Zona Sul,Morumbi,GF
Centro Automotivo_26_GF,-23.616165821796805,-46.69445772743398,Periférica,"['Troca de Óleo', 'Freios', 'Suspensão', 'Pintura', 'Elétrica', 'Motor', 'Transmissão', 'Funilaria', 'Ar Condicionado', 'Troca de Pneu', 'Alinhamento', 'Balanceamento']",Zona Sul,Parelheiros,GF
Auto Mecânica_27_GF,-23.705523232207806,-46.65551408706996,Periférica,"['Troca de Óleo', 'Freios', 'Suspensão', 'Pintura', 'Elétrica', 'Motor', 'Transmissão', 'Funilaria', 'Ar Condicionado', 'Troca de Pneu', 'Alinhamento', 'Balanceamento']",Zona Sul,Marsilac,GF
Serviços Automotivos_28_GF,-23.629414198118965,-46.67761069251161,Periférica,"['Troca de Óleo', 'Freios', 'Suspensão', 'Pintura', 'Elétrica', 'Motor', 'Transmissão', 'Funilaria', 'Ar Condicionado', 'Troca de Pneu', 'Alinhamento', 'Balanceamento']",Zona Sul,Cidade Ademar,GF
Auto Mecânica_29_GF,-23.68004614000141,-46.66075006742361,Periférica,"['Troca de Óleo', 'Freios', 'Suspensão', 'Pintura', 'Elétrica', 'Motor', 'Transmissão', 'Funilaria', 'Ar Condicionado', 'Troca de Pneu', 'Alinhamento', 'Balanceamento']",Zona Sul,Vila Sônia,GF
Auto Mecânica_30_GF,-23.669640779049427,-46.68430662483467,Periférica,"['Troca de Óleo', 'Freios', 'Suspensão', 'Pintura', 'Elétrica', 'Motor', 'Transmissão', 'Funilaria', 'Ar Condicionado', 'Troca de Pneu', 'Alinhamento', 'Balanceamento']",Zona Sul,Capão Redondo,GF
